name,sourcebook,level,casttime,range,components,duration,spell list
Acid Splash,Player's Handbook,Cantrip, 1 action,60 feet,"V, S", Instantaneous,"Artificer, Sorcerer, Wizard"
Druidcraft,Player's Handbook,Cantrip, 1 action,30 feet,"V, S", Instantaneous,Druid
Control Flames,Xanathar's Guide to Everything,Cantrip, 1 action,60 feet,S, Instantaneous or 1 hour,"Druid, Sorcerer, Wizard"
Create Bonfire,Xanathar's Guide to Everything,Cantrip, 1 action,60 feet,"V, S"," Concentration, up to 1 minute","Druid, Sorcerer, Warlock, Wizard"
Eldritch Blast,Player's Handbook,Cantrip, 1 action,120 feet,"V, S", Instantaneous,Warlock
Encode Thoughts,Guildmaster's Guide to Ravnica,Cantrip, 1 action,Self,S, 8 hours,"Detect Thoughts, Modify Memory, Detect Thoughts, Wizard"
Dancing Lights,Player's Handbook,Cantrip, 1 action,120 feet,"V, S, M (a bit of phosphorus or wychwood, or a glowworm)"," Concentration, up to 1 minute","Artificer, Bard, Sorcerer, Wizard"
Fire Bolt,Player's Handbook,Cantrip, 1 action,120 feet,"V, S", Instantaneous,"Artificer, Sorcerer, Wizard"
Chill Touch,Player's Handbook,Cantrip, 1 action,120 feet,"V, S", 1 round,"Sorcerer, Warlock, Wizard"
Booming Blade,Tasha's Cauldron of Everything,Cantrip, 1 action,Self (5-foot radius),"S, M (a melee weapon worth at least 1 sp)", 1 round,"Artificer, Sorcerer, Warlock, Wizard"
Magic Stone,Xanathar's Guide to Everything/Elemental Evil Player's Companion,Cantrip, 1 bonus action,Touch,"V, S", 1 minute,"Druid, Warlock, Artificer"
Mage Hand,Player's Handbook,Cantrip, 1 action,30 feet,"V, S", 1 minute,"Artificer, Bard, Sorcerer, Warlock, Wizard"
Lightning Lure,Tasha's Cauldron of Everything,Cantrip, 1 action,Self (15-foot radius),V, Instantaneous,"Artificer, Sorcerer, Warlock, Wizard"
Light,Player's Handbook,Cantrip, 1 action,Touch,"V, M (a firefly or phosphorescent moss)", 1 hour,"Artificer, Bard, Cleric, Sorcerer, Wizard"
Blade Ward,Player's Handbook,Cantrip, 1 action,Self,"V, S", 1 round,"Bard, Sorcerer, Warlock, Wizard"
Infestation,Xanathar's Guide to Everything,Cantrip, 1 action,30 feet,"V, S, M (a living flea)", Instantaneous,"Druid, Sorcerer, Warlock, Wizard"
Witch Bolt,Player's Handbook,1, 1 action,30 feet,"V, S, M (a twig from a tree that has been struck by lightning)"," Concentration, up to 1 minute","Sorcerer, Warlock, Wizard"
Crusader's Mantle,Player's Handbook,3, 1 action,Self,V," Concentration, up to 1 minute",Paladin
Create Food and Water,Player's Handbook,3, 1 action,30 feet,"V, S", Instantaneous,"Artificer, Cleric, Paladin"
Counterspell,Player's Handbook,3," 1 reaction, which you take when you see a creature within 60 feet of you casting a spell",60 feet,S, Instantaneous,"Sorcerer, Warlock, Wizard"
Conjure Lesser Demon,Unearthed Arcana 11 - That Old Black Magic,3, 1 action,60 feet,"V, S, M (a vial of blood from an intelligent humanoid killed within the past 24 hours)"," Concentration, up to 1 hour","Sorcerer, Wizard"
Fireball,Player's Handbook,3, 1 action,150 feet,"V, S, M (a tiny ball of bat guano and sulfur)", Instantaneous,"Sorcerer, Wizard"
Feign Death,Player's Handbook,3, 1 action,Touch,"V, S, M (a pinch of graveyard dirt)", 1 hour,"Bard, Cleric, Druid, Wizard"
Fear,Player's Handbook,3, 1 action,Self (30-foot cone),"V, S, M (a white feather or the heart of a hen)"," Concentration, up to 1 minute","Bard, Sorcerer, Warlock, Wizard"
Fast Friends,Acquisitions Inc.,3, 1 action,30 feet,V," Concentration, up to 1 hour","Bard, Cleric, Wizard"
Melf's Minute Meteors,Xanathar's Guide to Everything,3, 1 action,Self,"V, S, M (niter, sulfur, and pine tar formed into a bead)"," Concentration, up to 10 minutes","Sorcerer, Wizard"
Meld into Stone,Player's Handbook,3, 1 action,Touch,"V, S", 8 hours,"Cleric, Druid, Ranger"
Mass Healing Word,Player's Handbook,3, 1 bonus action,60 feet,V, Instantaneous,"Bard, Cleric"
Sleet Storm,Player's Handbook,3, 1 action,120 feet,"V, S, M (a pinch of dust and a few drops of water)"," Concentration, up to 1 minute","Druid, Sorcerer, Wizard"
Sending,Player's Handbook,3, 1 action,Unlimited,"V, S, M (a short piece of fine copper wire)", 1 round,"Bard, Cleric, Wizard"
Revivify,Player's Handbook,3, 1 action,Touch,"V, S, M (diamonds worth 300 gp, which the spell consumes)", Instantaneous,"Artificer, Cleric, Druid, Paladin, Ranger"
Remove Curse,Player's Handbook,3, 1 action,Touch,"V, S", Instantaneous,"Cleric, Paladin, Warlock, Wizard"
Pulse Wave,Explorer's Guide to Wildemount,3, 1 action,Self (30-foot cone),"V, S", Instantaneous,Wizard
Summon Lesser Demons,Xanathar's Guide to Everything,3, 1 action,60 feet,"V, S, M (a vial of blood from a humanoid killed within the past 24 hours)"," Concentration, up to 1 hour","Warlock, Wizard"
Summon Fey,Tasha's Cauldron of Everything,3, 1 action,90 feet,"V, S, M (a gilded flower worth at least 300 gp)"," Concentration, up to 1 hour","Druid, Ranger, Warlock, Wizard"
Stinking Cloud,Player's Handbook,3, 1 action,90 feet,"V, S, M (a rotten egg or several skunk cabbage leaves)"," Concentration, up to 1 minute","Bard, Sorcerer, Wizard"
Water Walk,Player's Handbook,3, 1 action,30 feet,"V, S, M (a piece of cork)", 1 hour,"Artificer, Cleric, Druid, Ranger, Sorcerer"
Water Breathing,Player's Handbook,3, 1 action,30 feet,"V, S, M (a short reed or piece of straw)", 24 hours,"Artificer, Druid, Ranger, Sorcerer, Wizard"
Wall of Water,Xanathar's Guide to Everything,3, 1 action,60 feet,"V, S, M (a drop of water)"," Concentration, up to 10 minutes","Druid, Sorcerer, Wizard"
Conjure Minor Elementals,Player's Handbook,4, 1 minute,90 feet,"V, S"," Concentration, up to 1 hour","Druid, Wizard"
Wall of Sand,Xanathar's Guide to Everything,3, 1 action,90 feet,"V, S, M (a handful of sand)"," Concentration, up to 10 minutes",Wizard
Vampiric Touch,Player's Handbook,3, 1 action,Self,"V, S"," Concentration, up to 1 minute","Sorcerer, Warlock, Wizard"
Confusion,Player's Handbook,4, 1 action,90 feet,"V, S, M (three nut shells)"," Concentration, up to 1 minute","Bard, Druid, Sorcerer, Wizard"
Compulsion,Player's Handbook,4, 1 action,30 feet,"V, S"," Concentration, up to 1 minute",Bard
Fire Shield,Player's Handbook,4, 1 action,Self,"V, S, M (a bit of phosphorus or a firefly)", 10 minutes,"Druid, Sorcerer, Wizard"
Find Greater Steed,Xanathar's Guide to Everything,4, 10 minutes,30 feet,"V, S", Instantaneous,Paladin
Fabricate,Player's Handbook,4, 10 minutes,120 feet,"V, S", Instantaneous,"Artificer, Wizard"
Evard's Black Tentacles,Player's Handbook,4, 1 action,90 feet,"V, S, M (a piece of tentacle from a giant octopus or a giant squid)"," Concentration, up to 1 minute",Wizard
Elemental Bane,Xanathar's Guide to Everything,4, 1 action,90 feet,"V, S"," Concentration, up to 1 minute","Druid, Warlock, Wizard, Artificer"
Ice Storm,Player's Handbook,4, 1 action,300 feet,"V, S, M (a pinch of dust and a few drops of water)", Instantaneous,"Druid, Sorcerer, Wizard"
Hallucinatory Terrain,Player's Handbook,4, 10 minutes,300 feet,"V, S, M (a stone, a twig, and a bit of green plant)", 24 hours,"Bard, Druid, Warlock, Wizard"
Guardian of Nature,Xanathar's Guide to Everything,4, 1 bonus action,Self,V," Concentration, up to 1 minute","Druid, Ranger"
Summon Elemental,Tasha's Cauldron of Everything,4, 1 action,90 feet,"V, S, M (air, a pebble, ash, and water inside a gold-inlaid vial worth at least 400 gp)"," Concentration, up to 1 hour","Druid, Ranger, Wizard"
Summon Construct,Tasha's Cauldron of Everything,4, 1 action,90 feet,"V, S, M (an ornate stone and metal lockbox worth at least 400 gp)"," Concentration, up to 1 hour","Artificer, Wizard"
Storm Sphere,Xanathar's Guide to Everything,4, 1 action,150 feet,"V, S"," Concentration, up to 1 minute","Sorcerer, Wizard"
Summon Aberration,Tasha's Cauldron of Everything,4, 1 action,90 feet,"V, S, M (a pickled tentacle and an eyeball in a platinum inlaid vial worth at least 400 gp)"," Concentration, up to 1 hour","Warlock, Wizard"
Stone Shape,Player's Handbook,4, 1 action,Touch,"V, S, M (soft clay, which must be worked into roughly the desired shape of the stone object)", Instantaneous,"Artificer, Cleric, Druid, Wizard"
Staggering Smite,Player's Handbook,4, 1 bonus action,Self,V," Concentration, up to 1 minute",Paladin
Sickening Radiance,Xanathar's Guide to Everything,4, 1 action,120 feet,"V, S"," Concentration, up to 10 minutes","Sorcerer, Warlock, Wizard"
Stoneskin,Player's Handbook,4, 1 action,Touch,"V, S, M (diamond dust worth 100 gp, which the spell consumes)"," Concentration, up to 1 hour","Artificer, Druid, Ranger, Sorcerer, Wizard"
Enervation,Xanathar's Guide to Everything,5, 1 action,60 feet,"V, S"," Concentration, up to 1 minute","Sorcerer, Warlock, Wizard"
Dream,Player's Handbook,5, 1 minute,Special,"V, S, M (a handful of sand, a dab of ink, and a writing quill plucked from a sleeping bird)", 8 hours,"Bard, Warlock, Wizard"
Dominate Person,Player's Handbook,5, 1 action,60 feet,"V, S"," Concentration, up to 1 minute","Bard, Sorcerer, Wizard"
Dispel Evil and Good,Player's Handbook,5, 1 action,Self,"V, S, M (holy water or powdered silver and iron)"," Concentration, up to 1 minute","Cleric, Paladin"
Creation,Player's Handbook,5, 1 minute,30 feet,"V, S, M (a tiny piece of matter of the same type of the item you plan to create)", Special,"Artificer, Sorcerer, Wizard"
Destructive Wave,Player's Handbook,5, 1 action,Self (30-foot radius),V, Instantaneous,Paladin
Dawn,Xanathar's Guide to Everything,5, 1 action,60 feet,"V, S, M (a sunburst pendant worth at least 100 gp)"," Concentration, up to 1 minute","Cleric, Wizard"
Danse Macabre,Xanathar's Guide to Everything,5, 1 action,60 feet,"V, S"," Concentration, up to 1 hour","Warlock, Wizard"
Swift Quiver,Player's Handbook,5, 1 bonus action,Touch,"V, S, M (a quiver containing at least one piece of ammunition)"," Concentration, up to 1 minute",Ranger
Summon Draconic Spirit,Fizban's Treasury of Dragons,5, 1 Action,60ft,"V, S, M (an object with the image of a dragon engraved on it, worth at least 500 gp)"," Concentration, up to 1 hour","Druid, Sorcerer, Wizard"
Summon Celestial,Tasha's Cauldron of Everything,5, 1 action,90 feet,"V, S, M (a golden reliquary worth at least 500 gp)"," Concentration, up to 1 hour","Cleric, Paladin"
Steel Wind Strike,Xanathar's Guide to Everything,5, 1 action,30 feet,"S, M (a melee weapon worth at least 1 sp)", Instantaneous,"Ranger, Wizard"
Skill Empowerment,Xanathar's Guide to Everything,5, 1 action,Touch,"V, S"," Concentration, up to 1 hour","Bard, Sorcerer, Wizard, Artificer"
Seeming,Player's Handbook,5, 1 action,30 feet,"V, S", 8 hours,"Bard, Sorcerer, Wizard"
Scrying,Player's Handbook,5, 10 minutes,Self,"V, S, M (a focus worth at least 1,000 gp, such as a crystal ball, a silver mirror, or a font filled with holy water)"," Concentration, up to 10 minutes","Bard, Cleric, Druid, Warlock, Wizard"
Reincarnate,Player's Handbook,5, 1 hour,Touch,"V, S, M (rare oils and unguents worth at least 1,000 gp, which the spell consumes)", Instantaneous,Druid
Harm,Player's Handbook,6, 1 action,60 feet,"V, S", Instantanous,Cleric
Guards and Wards,Player's Handbook,6, 10 minutes,Touch,"V, S, M (burning incense, a small measure of brimstone and oil, a knotted string, a small amount of umber hulk blood, and a small silver rod worth at least 10 gp)", 24 hours,"Arcane Lock, Minor Illusion, Web, Dancing Lights, Magic Mouth, Stinking Cloud, Gust of Wind, Suggestion, Dispel Magic, Bard, Wizard"
Forbiddance,Player's Handbook,6, 10 minutes,Touch,"V, S, M (a sprinkling of holy water, rare incense, and powdered ruby worth at least 1,000 gp)", 1 day,Cleric
Gravity Fissure,Explorer's Guide to Wildemount,6, 1 action,Self (100-foot line),"V, S, M (a fistful of iron filings)", Instantaneous,Wizard
Globe of Invulnerability,Player's Handbook,6, 1 action,Self (10-foot radius),"V, S, M (a glass or crystal bead that shatters when the spell ends)"," Concentration, up to 1 minute","Sorcerer, Wizard"
Flesh to Stone,Player's Handbook,6, 1 action,60 feet,"V, S, M (a pinch of lime, water, and earth)"," Concentration, up to 1 minute","Druid, Sorcerer, Warlock, Wizard"
Fizban's Platinum Shield,Fizban's Treasury of Dragons,6, 1 Bonus Action,60ft,"V, S, M (a platinum-plated dragon scale, worth at least 500 gp)"," Concentration, up to 1 minute","Sorcerer, Wizard"
Find the Path,Player's Handbook,6, 1 minute,Self,"V, S, M (a set of divinatory tools – such as bones, ivory sticks, cards, teeth, or carved runes – worth 100 gp, and an object from the location you wish to find)"," Concentration, up to 1 day","Bard, Cleric, Druid"
Tasha's Otherworldly Guise,Tasha's Cauldron of Everything,6, 1 bonus action,Self,"V, S, M (an object engraved with a symbol of the Outer Planes, worth at least 500 gp)"," Concentration, up to 1 minute","Sorcerer, Warlock, Wizard"
Wall of Thorns,Player's Handbook,6, 1 action,120 feet,"V, S, M (a handful of thorns)"," Concentration, up to 10 minutes",Druid
Wall of Ice,Player's Handbook,6, 1 action,120 feet,"V, S, M (a small piece of quartz)"," Concentration, up to 10 minutes",Wizard
Transport via Plants,Player's Handbook,6, 1 action,10 feet,"V, S", 1 round,Druid
Tenser's Transformation,Xanathar's Guide to Everything,6, 1 action,Self,"V, S, M (a few hairs from a bull)"," Concentration, up to 10 minutes",Wizard
True Seeing,Player's Handbook,6, 1 action,Touch,"V, S, M (an ointment for the eyes that costs 25 gp; is made from mushroom powder, saffron, and fat; and is consumed by the spell)", 1 hour,"Bard, Cleric, Sorcerer, Warlock, Wizard"
Sunbeam,Player's Handbook,6, 1 action,Self (60-foot line),"V, S, M (a magnifying glass)"," Concentration, up to 1 minute","Cleric, Druid, Sorcerer, Wizard"
Summon Fiend,Tasha's Cauldron of Everything,6, 1 action,90 feet,"V, S, M (humanoid blood inside a ruby vial worth at least 600 gp)"," Concentration, up to 1 hour","Warlock, Wizard"
Symbol,Player's Handbook,7, 1 minute,Touch,"V, S, M (mercury, phosphorus, and powdered diamond and opal with a total value of at least 1,000 gp, which the spell consumes)", Until dispelled or triggered,"Bard, Cleric, Druid, Wizard"
Simulacrum,Player's Handbook,7, 12 hours,Touch,"V, S, M (snow or ice in quantities sufficient to made a life-size copy of the duplicated creature; some hair, fingernail clippings, or other piece of that creature’s body placed inside the snow or ice; and powdered ruby worth 1,500 gp, sprinkled over the duplicate and consumed by the spell)", Until dispelled,Wizard
Sequester,Player's Handbook,7, 1 action,Touch,"V, S, M (a powder composed of diamond, emerald, ruby, and sapphire dust worth at least 5,000 gp, which the spell consumes)", Until dispelled,Wizard
Reverse Gravity,Player's Handbook,7, 1 action,100 feet,"V, S, M (a lodestone and iron filings)"," Concentration, up to 1 minute","Druid, Sorcerer, Wizard"
Teleport,Player's Handbook,7, 1 action,10 feet,V, Instantaneous,"Teleportation Circle, Bard, Sorcerer, Wizard"
Resurrection,Player's Handbook,7, 1 hour,Touch,"V, S, M (a diamond worth at least 1,000 gp, which the spell consumes)", Instantaneous,"Bard, Cleric"
Regenerate,Player's Handbook,7, 1 minute,Touch,"V, S, M (a prayer wheel and holy water)", 1 hour,"Bard, Cleric, Druid"
Project Image,Player's Handbook,7, 1 action,500 miles,"V, S, M (a small replica of you made from materials worth at least 5 gp)"," Concentration, up to 1 day","Bard, Warlock, Wizard"
Wish,Player's Handbook,9, 1 action,Self,V, Instantaneous,"Sorcerer, Wizard"
Weird,Player's Handbook,9, 1 action,120 feet,"V, S"," Concentration, up to 1 minute","Warlock, Wizard"
True Resurrection,Player's Handbook,9, 1 hour,Touch,"V, S, M (a sprinkle of holy water and diamonds worth at least 25,000 gp, which the spell consumes)", Instantaneous,"Cleric, Druid"
True Polymorph,Player's Handbook,9, 1 action,30 feet,"V, S, M (a drop of mercury, a dollop of gum arabic, and a wisp of smoke)"," Concentration, up to 1 hour","Bard, Warlock, Wizard"
Time Stop,Player's Handbook,9, 1 action,Self,V, Instantaneous,"Sorcerer, Wizard"
Time Ravage,Explorer's Guide to Wildemount,9, 1 action,90 feet,"V, S, M (an hourglass filled with diamond dust worth at least 5,000 gp, which the spell consumes)", Instantaneous,"Wish, Greater Restoration, Wizard"
Storm of Vengeance,Player's Handbook,9, 1 action,Sight,"V, S"," Concentration, up to 1 minute",Druid
Shapechange,Player's Handbook,9, 1 action,Self,"V, S, M (a jade circlet worth at least 1,500 gp, which you must place on your head before you cast the spell)"," Concentration, up to 1 hour","Druid, Warlock, Wizard"
Ravenous Void,Explorer's Guide to Wildemount,9, 1 action,"1,000 feet","V, S, M (a small, nine-pointed star made of iron)"," Concentration, up to 1 minute",Wizard
Psychic Scream,Xanathar's Guide to Everything,9, 1 action,90 feet,S, Instantaneous,"Bard, Sorcerer, Warlock, Wizard"
Prismatic Wall,Player's Handbook,9, 1 action,60 feet,"V, S", 10 minutes,"Antimagic Field, Passwall, Daylight, Dispel Magic, Bard, Wizard"
Meteor Swarm,Player's Handbook,9, 1 action,1 mile,"V, S", Instantaneous,"Sorcerer, Wizard"
Mass Polymorph,Xanathar's Guide to Everything,9, 1 Action,120 feet,"V, S, M (a caterpillar cocoon)"," Concentration, up to 1 hour","Bard, Sorcerer, Wizard"
Mass Heal,Player's Handbook,9, 1 action,60 feet,"V, S", Instantaneous,Cleric
Invulnerability,Xanathar's Guide to Everything,9, 1 action,Self,"V, S, M (a small piece of adamantine worth at least 500 gp, which the spell consumes)"," Concentration, up to 10 minutes",Wizard
Imprisonment,Player's Handbook,9, 1 minute,30 feet,"V, S, M (a vellum depiction or a carved statuette in the likeness of the target, and a special component that varies according to the version of the spell you choose, worth at least 500 gp per Hit Die of the target)", Until dispelled,"Dispel Magic, Warlock, Wizard"
Gate,Player's Handbook,9, 1 action,60 feet,"V, S, M (a diamond worth at least 5,000 gp)"," Concentration, up to 1 minute","Cleric, Sorcerer, Warlock, Wizard"
Foresight,Player's Handbook,9, 1 minute,Touch,"V, S, M (a hummingbird feather)", 8 hours,"Bard, Druid, Warlock, Wizard"
Blade of Disaster,Tasha's Cauldron of Everything,9, 1 bonus action,60 feet,"V, S"," Concentration, up to 1 minute","Wall of Force, Sorcerer, Warlock, Wizard"
Astral Projection,Player's Handbook,9, 1 hour,10 feet,"V, S, M (for each creature you affect with this spell, you must provide one jacinth worth at least 1,000 gp and one ornately carved bar of silver worth at least 100 gp, all of which the spell consumes)", Special,"Dispel Magic, Cleric, Warlock, Wizard"
Tsunami,Player's Handbook,8, 1 minute,Sight,"V, S"," Concentration, up to 6 rounds",Druid
Telepathy,Player's Handbook,8, 1 action,Unlimited,"V, S, M (a pair of linked silver rings)", 24 hours,Wizard
Power Word: Heal,Player's Handbook,9, 1 action,Touch,"V, S", Instantaneous,"Bard, Cleric"
Sunburst,Player's Handbook,8, 1 action,150 feet,"V, S, M (fire and a piece of sunstone)", Instantaneous,"Cleric, Druid, Sorcerer, Wizard"
Reality Break,Explorer's Guide to Wildemount,8, 1 action,60 feet,"V, S, M (a crystal prism)"," Concentration, up to 1 minute",Wizard
Mind Blank,Player's Handbook,8, 1 action,Touch,"V, S", 24 hours,"Wish, Bard, Wizard"
Mighty Fortress,Xanathar's Guide to Everything,8, 1 minute,1 mile,"V, S, M (a diamond worth at least 500 gp, which the spell consumes)", Instantaneous,Wizard
Power Word: Kill,Player's Handbook,9, 1 action,60 feet,V, Instantaneous,"Bard, Sorcerer, Warlock, Wizard"
Maze,Player's Handbook,8, 1 action,60 feet,"V, S"," Concentration, up to 10 minutes",Wizard
Maddening Darkness,Xanathar's Guide to Everything,8, 1 action,150 feet,"V, M (a drop of pitch mixed with a drop of mercury)"," Concentration, up to 10 minutes","Warlock, Wizard"
Illusory Dragon,Xanathar's Guide to Everything,8, 1 action,120 feet,S," Concentration, up to 1 minute",Wizard
Glibness,Player's Handbook,8, 1 action,Self,V, 1 hour,"Bard, Warlock"
Feeblemind,Player's Handbook,8, 1 action,150 feet,"V, S, M (a handful of clay, crystal, glass, or mineral spheres)", Instantaneous,"Greater Restoration, Heal, Wish, Bard, Druid, Warlock, Wizard"
Incendiary Cloud,Player's Handbook,8, 1 action,150 feet,"V, S"," Concentration, up to 1 minute","Druid, Sorcerer, Wizard"
Holy Aura,Player's Handbook,8, 1 action,Self,"V, S, M (a tiny reliquary worth at least 1,000 gp containing a sacred relic, such as a scrap of cloth from a saint’s robe or a piece of parchment from a religious text)"," Concentration, up to 1 minute",Cleric
Earthquake,Player's Handbook,8, 1 action,500 feet,"V, S, M (a pinch of dirt, a piece of rock, and a lump of clay)"," Concentration, up to 1 minute","Cleric, Druid, Sorcerer"
Dominate Monster,Player's Handbook,8, 1 action,60 feet,"V, S"," Concentration, up to 1 hour","Bard, Sorcerer, Warlock, Wizard"
Dark Star,Explorer's Guide to Wildemount,8, 1 action,150 feet,"V, S, M (a shard of onyx and a drop of the caster's blood, both of which the spell consumes)"," Concentration, up to 1 minute",Wizard
Power Word: Stun,Player's Handbook,8, 1 action,60 feet,"V, S", Instantaneous,"Bard, Sorcerer, Warlock, Wizard"
Demiplane,Player's Handbook,8, 1 action,60 feet,S, 1 hour,"Sorcerer, Warlock, Wizard"
Control Weather,Player's Handbook,8, 10 minutes,Self (5-mile radius),"V, S, M (burning incense and bits of earth and wood mixed in water)"," Concentration, Up to 8 hours","Cleric, Druid, Wizard"
Antimagic Field,Player's Handbook,8, 1 action,Self (10-foot-radius sphere),"V, S M (a pinch of powdered iron or iron filings)"," Concentration, up to 1 hour","Magic Missile, Charm Person, Fireball, Wall of Fire, Dispel Magic, Cleric, Wizard"
Whirlwind,Xanathar's Guide to Everything,7, 1 action,300 feet,"V, M (a piece of straw)"," Concentration, up to 1 minute","Druid, Wizard"
Clone,Player's Handbook,8, 1 hour,Touch,"V, S, M (a diamond worth at least 1000 gp and at least 1 cubic inch of flesh of the creature that is to be cloned, which the spell consumes. A vessel worth at least 2000 gp that has a sealable lid and is large enough to hold the creature being cloned, such as a huge urn, coffin, mud-filled cyst in the ground, or crystal container filled with salt water)", Instantaneous,Wizard
Tether Essence,Explorer's Guide to Wildemount,7, 1 action,60 feet,"V, S, M (a spool of platinum cord worth at least 250 gp, which the spell consumes)"," Concentration, up to 1 hour",Wizard
Abi-Dalzim's Horrid Wilting,Xanathar's Guide to Everything,8, 1 action,150 feet,"V, S, M (a bit of sponge)", Instantaneous,"Sorcerer, Warlock, Wizard"
Antipathy/Sympathy,Player's Handbook,8, 1 hour,60 feet,"V, S, M (either a lump of alum soaked in vinegar for the antipathy effect or a drop of honey for the sympathy effect)", 10 days,"Bard, Druid, Wizard"
Temple of the Gods,Xanathar's Guide to Everything,7, 1 hour,120 feet,"V, S, M (a holy symbol worth at least 5 gp)", 24 hours,Cleric
Animal Shapes,Player's Handbook,8, 1 action,30 feet,"V, S"," Concentration, up to 24 hours",Druid
Prismatic Spray,Player's Handbook,7, 1 action,Self (60-foot cone),"V, S", Instantaneous,"Bard, Sorcerer, Wizard"
Plane Shift,Player's Handbook,7, 1 action,Touch,"V, S, M (a forked, metal rod worth at least 250 gp, attuned to a particular plane of existence)", Instantaneous,"Cleric, Druid, Sorcerer, Warlock, Wizard"
Mordenkainen's Sword,Player's Handbook,7, 1 action,60 feet,"V, S, M (a miniature platinum sword with a grip and pommel of copper and zinc, worth 250 gp)"," Concentration, up to 1 minute","Bard, Wizard"
Mordenkainen's Magnificent Mansion,Player's Handbook,7, 1 minute,300 feet,"V, S, M (a miniature portal carved from ivory, a small piece of polished marble, and a tiny silver spoon, each item worth at least 5 gp)", 24 hours,"Bard, Wizard"
Forcecage,Player's Handbook,7, 1 action,100 feet,"V, S, M (ruby dust worth 1,500 gp)", 1 hour,"Dispel Magic, Bard, Warlock, Wizard"
Fire Storm,Player's Handbook,7, 1 action,150 feet,"V, S", Instantaneous,"Cleric, Druid, Sorcerer"
Mirage Arcane,Player's Handbook,7, 10 minutes,Sight,"V, S", 10 days,"Bard, Druid, Wizard"
Finger of Death,Player's Handbook,7, 1 action,60 feet,"V, S", Instantaneous,"Sorcerer, Warlock, Wizard"
Etherealness,Player's Handbook,7, 1 action,Self,"V, S", Up to 8 hours,"Bard, Cleric, Sorcerer, Warlock, Wizard"
Dream of the Blue Veil,Tasha's Cauldron of Everything,7, 10 minutes,20 feet,"V, S, M (a magic item or a willing creature from the destination world)", 6 hours,"Bard, Sorcerer, Warlock, Wizard"
Draconic Transformation,Fizban's Treasury of Dragons,7, 1 Bonus Action,Self,"V, S, M (a statuette of a dragon, worth at least 500 gp)"," Concentration, up to 1 minute","Druid, Sorcerer, Wizard"
Divine Word,Player's Handbook,7, 1 bonus action,30 feet,V, Instantaneous,Cleric
Delayed Blast Fireball,Player's Handbook,7, 1 action,150 feet,"V, S, M (a tiny ball of bat guano and sulfur)"," Concentration, up to 1 minute","Sorcerer, Wizard"
Crown Of Stars,Xanathar's Guide to Everything,7, 1 action,Self,"V, S", 1 hour,"Sorcerer, Warlock, Wizard"
Create Magen,Icewind Dale - Rime of the Frostmaiden,7, 1 hour,Touch,"V, S, M (a vial of quicksilver worth 500 gp and a life-sized human doll, both of which the spell consumes, and an intricate crystal rod worth at least 1,500 gp that is not consumed)", Instantaneous,"Wish, Wizard"
Power Word: Pain,Xanathar's Guide to Everything,7, 1 action,60 feet,V, Instantaneous,"Sorcerer, Warlock, Wizard"
Conjure Celestial,Player's Handbook,7, 1 minute,90 feet,"V, S"," Concentration, up to 1 hour",Cleric
Word of Recall,Player's Handbook,6, 1 action,5 feet,V, Instantaneous,Cleric
Wind Walk,Player's Handbook,6, 1 minute,30 feet,"V, S, M (fire and holy water)", 8 hours,Druid
Soul Cage,Xanathar's Guide to Everything,6," 1 reaction, which you take when a humanoid you can see within 60 feet of you dies",60 feet,"V, S, M (a tiny silver cage worth 100 gp)", 8 hours,"Warlock, Wizard"
Scatter,Xanathar's Guide to Everything,6, 1 action,30 feet,V, Instantaneous,"Sorcerer, Warlock, Wizard"
Programmed Illusion,Player's Handbook,6, 1 action,120 feet,"V, S, M (a bit of fleece and jade dust worth at least 25 gp)", Until dispelled,"Bard, Wizard"
Primordial Ward,Xanathar's Guide to Everything,6, 1 action,Self,"V, S"," Concentration, up to 1 minute",Druid
Otto's Irresistible Dance,Player's Handbook,6, 1 action,30 feet,V," Concentration, up to 1 minute","Bard, Wizard"
Move Earth,Player's Handbook,6, 1 action,120 feet,"V, S, M (an iron blade and a small bag containing a mixture of soils – clay, loam, and sand)"," Concentration, up to 2 hours","Druid, Sorcerer, Wizard"
Mental Prison,Xanathar's Guide to Everything,6, 1 action,60 feet,S," Concentration, up to 1 minute","Sorcerer, Warlock, Wizard"
Magic Jar,Player's Handbook,6, 1 minute,Self,"V, S, M (a gem, crystal, reliquary, or some other ornamental container worth at least 500 gp)", Until dispelled,Wizard
Planar Ally,Player's Handbook,6, 1 action,60 feet,"V, S", Instantaneous,Cleric
Otiluke's Freezing Sphere,Player's Handbook,6, 1 action,300 feet,"V, S, M (a small crystal sphere)", Instantaneous,"Sorcerer, Wizard"
Investiture of Wind,Xanathar's Guide to Everything,6, 1 action,Self,"V, S"," Concentration, up to 1 minute","Druid, Sorcerer, Warlock, Wizard"
Mass Suggestion,Player's Handbook,6, 1 action,60 feet,"V, M (a snake’s tongue and either a bit of honeycomb or a drop of sweet oil)", 24 hours,"Bard, Sorcerer, Warlock, Wizard"
Investiture of Stone,Xanathar's Guide to Everything,6, 1 action,Self,"V, S"," Concentration, up to 10 minutes","Druid, Sorcerer, Warlock, Wizard"
Heal,Player's Handbook,6, 1 action,60 feet,"V, S", Instantaneous,"Cleric, Druid"
Investiture of Ice,Xanathar's Guide to Everything,6, 1 action,Self,"V, S"," Concentration, up to 10 minutes","Druid, Sorcerer, Warlock, Wizard"
Eyebite,Player's Handbook,6, 1 action,Self,"V, S"," Concentration, up to 1 minute","Bard, Sorcerer, Warlock, Wizard"
Investiture of Flame,Xanathar's Guide to Everything,6, 1 action,Self,"V, S"," Concentration, up to 10 minutes","Druid, Sorcerer, Warlock, Wizard"
Druid Grove,Xanathar's Guide to Everything,6, 10 minutes,Touch,"V, S, M (mistletoe, which the spell consumes, that was harvested with a golden sickle under the light of a full moon)", 24 hours,Druid
Drawmij's Instant Summons,Player's Handbook,6, 1 minute,Touch,"V, S, M (a sapphire worth 1,000 gp)", Until dispelled,"Dispel Magic, Wizard"
Heroes' Feast,Player's Handbook,6, 10 minutes,30 feet,"V, S, M (a gem-encrusted bowl worth at least 1,000 gp, which the spell consumes)", Instantaneous,"Bard, Cleric, Druid"
Create Undead,Player's Handbook,6, 1 minute,10 feet,"V, S, M (one clay pot filled with grave dirt, one clay pot filled with brackish water, and one 150 gp black onyx stone for each corpse)", Instantaneous,"Cleric, Warlock, Wizard"
Disintegrate,Player's Handbook,6, 1 action,60 feet,"V, S, M (a lodestone and a pinch of dust)", Instantaneous,"Sorcerer, Wizard"
Contingency,Player's Handbook,6, 10 minutes,Self,"V, S, M (a statuette of yourself carved from ivory and decorated with gems worth at least 1,500 gp)", 10 days,Wizard
Create Homunculus,Xanathar's Guide to Everything,6, 1 hour,Touch,"V, S, M (clay, ash, and mandrake root, all of which the spell consumes, and a jewel-encrusted dagger worth at least 1,000 gp)", Instantaneous,Wizard
Circle of Death,Player's Handbook,6, 1 action,150 feet,"V, S, M (the powder of a crushed black pearl worth at least 500 gp)", Instantaneous,"Sorcerer, Warlock, Wizard"
Conjure Fey,Player's Handbook,6, 1 action,90 feet,"V, S"," Concentration, up to 1 hour","Druid, Warlock"
Chain Lightning,Player's Handbook,6, 1 action,150 feet,"V, S, M (a bit of fur; a piece of amber, glass, or a crystal rod; and three silver pins)", Instantaneous,"Sorcerer, Wizard"
Bones of the Earth,Xanathar's Guide to Everything,6, 1 action,120 feet,"V, S", Instantaneous,Druid
Blade Barrier,Player's Handbook,6, 1 action,90 feet,"V, S"," Concentration, up to 10 minutes",Cleric
Arcane Gate,Player's Handbook,6, 1 action,500 feet,"V, S"," Concentration, up to 10 minutes","Sorcerer, Warlock, Wizard"
Wrath Of Nature,Xanathar's Guide to Everything,5, 1 action,120 feet,"V, S"," Concentration, up to 1 minute","Druid, Ranger"
Wall of Stone,Player's Handbook,5, 1 action,120 feet,"V, S, M (a small block of granite)"," Concentration, up to 10 minutes","Artificer, Druid, Sorcerer, Wizard"
Wall Of Light,Xanathar's Guide to Everything,5, 1 action,120 feet,"V, S, M (a hand mirror)"," Concentration, up to 10 minutes","Sorcerer, Warlock, Wizard"
Wall of Force,Player's Handbook,5, 1 action,120 feet,"V, S, M (a pinch of powder made by crushing a clear gemstone)"," Concentration, up to 10 minutes","Dispel Magic, Disintegrate, Wizard"
Tree Stride,Player's Handbook,5, 1 action,Self,"V, S"," Concentration, up to 1 minute","Druid, Ranger"
Transmute Rock,Xanathar's Guide to Everything,5, 1 action,120 feet,"V, S, M (clay and water)", Instantaneous,"Druid, Wizard, Artificer"
Temporal Shunt,Explorer's Guide to Wildemount,5," 1 reaction, taken when a creature you see makes an attack roll or starts to cast a spell",120 feet,"V, S", 1 round,Wizard
Teleportation Circle,Player's Handbook,5, 1 minute,10 feet,"V, M (rare chalks and inks infused with precious gems worth 50 gp, which the spell consumes)", 1 round,"Bard, Sorcerer, Warlock, Wizard"
Telekinesis,Player's Handbook,5, 1 action,60 feet,"V, S"," Concentration, up to 10 minutes","Sorcerer, Wizard"
Synaptic Static,Xanathar's Guide to Everything,5, 1 action,120 feet,"V, S", Instantaneous,"Bard, Sorcerer, Warlock, Wizard"
Rary's Telepathic Bond,Player's Handbook,5, 1 action,30 feet,"V, S, M (pieces of eggshell from two different kinds of creatures)", 1 hour,"Bard, Wizard"
Raise Dead,Player's Handbook,5, 1 hour,Touch,"V, S, M (a diamond worth at least 500 gp, which the spell consumes)", Instantaneous,"Bard, Cleric, Paladin"
Passwall,Player's Handbook,5, 1 action,30 feet,"V, S, M (a pinch of sesame seeds)", 1 hour,Wizard
Planar Binding,Player's Handbook,5, 1 hour,60 feet,"V, S, M (a jewel worth at least 1,000 gp, which the spell consumes)", 24 hours,"Magic Circle, Bard, Cleric, Druid, Warlock, Wizard"
Negative Energy Flood,Xanathar's Guide to Everything,5, 1 action,60 feet,"V, M (a broken bone and a square of black silk)", Instantaneous,"Warlock, Wizard"
Modify Memory,Player's Handbook,5, 1 action,30 feet,"V, S"," Concentration, up to 1 minute","Remove Curse, Greater Restoration, Bard, Warlock, Wizard"
Maelstrom,Xanathar's Guide to Everything,5, 1 action,120 feet,"V, S, M (paper or leaf in the shape of a funnel)"," Concentration, up to 1 minute",Druid
Mislead,Player's Handbook,5, 1 action,Self,S," Concentration, up to 1 hour","Bard, Warlock, Wizard"
Mass Cure Wounds,Player's Handbook,5, 1 action,60 feet,"V, S", Instantaneous,"Bard, Cleric, Druid"
Legend Lore,Player's Handbook,5, 10 minutes,Self,"V, S, M (incense worth at least 250 gp, which the spell consumes, and four ivory strips worth at least 50 gp each)", Instantaneous,"Bard, Cleric, Wizard"
Insect Plague,Player's Handbook,5, 1 action,300 feet,"V, S, M (a few grains of sugar, some kernels of grain, and a smear of fat)"," Concentration, up to 10 minutes","Cleric, Druid, Sorcerer"
Infernal Calling,Xanathar's Guide to Everything,5, 1 minute,90 feet,"V, S, M (a ruby worth at least 999 gp)"," Concentration, up to 1 hour","Warlock, Wizard"
Immolation,Xanathar's Guide to Everything,5, 1 action,90 feet,V," Concentration, up to 1 minute","Sorcerer, Wizard"
Holy Weapon,Xanathar's Guide to Everything,5, 1 bonus action,Touch,"V, S"," Concentration, up to 1 hour","Cleric, Paladin"
Hallow,Player's Handbook,5, 24 hours,Touch,"V, S, M (herbs, oils, and incense worth at least 1,000 gp, which the spell consumes)", Until dispelled,Cleric
Greater Restoration,Player's Handbook,5, 1 action,Touch,"V, S, M (diamond dust worth at least 100 gp, which the spell consumes)", Instantaneous,"Artificer, Bard, Cleric, Druid, Ranger"
Hold Monster,Player's Handbook,5, 1 action,90 feet,"V, S, M (a small, straight piece of iron)"," Concentration, up to 1 minute","Bard, Sorcerer, Warlock, Wizard"
Geas,Player's Handbook,5, 1 minute,60 feet,V, 30 days,"Remove Curse, Greater Restoration, Wish, Bard, Cleric, Druid, Paladin, Wizard"
Far Step,Xanathar's Guide to Everything,5, 1 bonus action,Self,V," Concentration, up to 1 minute","Sorcerer, Warlock, Wizard"
Flame Strike,Player's Handbook,5, 1 action,60 feet,"V, S, M (pinch of sulfur)", Instantaneous,Cleric
Contagion,Player's Handbook,5, 1 action,Touch,"V, S", 7 days,"Cleric, Druid"
Contact Other Plane,Player's Handbook,5, 1 minute,Self,V, 1 minute,"Greater Restoration, Warlock, Wizard"
Conjure Volley,Player's Handbook,5, 1 action,150 feet,"V, S, M (one piece of ammunition or one thrown weapon)", Instantaneous,Ranger
Conjure Elemental,Player's Handbook,5, 1 minute,90 feet,"V, S, M (burning incense for air, soft clay for earth, sulfur and phosphorus for fire, or water and sand for water)"," Concentration, up to 1 hour","Druid, Wizard"
Cone of Cold,Player's Handbook,5, 1 action,Self (60-foot cone),"V, S, M (a small crystal or glass cone)", Instantaneous,"Druid, Sorcerer, Wizard"
Commune,Player's Handbook,5, 1 minute,Self,"V, S, M (incense and a vial of holy or unholy water)", 1 minute,Cleric
Control Winds,Xanathar's Guide to Everything,5, 1 action,300 feet,"V, S"," Concentration, up to 1 hour","Druid, Sorcerer, Wizard"
Commune with Nature,Player's Handbook,5, 1 minute,Self,"V, S", Instantaneous,"Druid, Ranger"
Animate Objects,Player's Handbook,5, 1 action,120 feet,"V, S"," Concentration, up to 1 minute","Artificer, Bard, Sorcerer, Wizard"
Cloudkill,Player's Handbook,5, 1 action,120 feet,"V, S"," Concentration, up to 10 minutes","Sorcerer, Wizard"
Circle of Power,Player's Handbook,5, 1 action,Self (30-foot radius),V," Concentration, up to 10 minutes",Paladin
Bigby's Hand,Player's Handbook,5, 1 action,120 feet,"V, S, M (an eggshell and a snakeskin glove)"," Concentration, up to 1 minute","Artificer, Sorcerer, Wizard"
Banishing Smite,Player's Handbook,5, 1 bonus action,Self,V," Concentration, up to 1 minute",Paladin
Awaken,Player's Handbook,5, 8 hours,Touch,"V, S, M (an agate worth at least 1,000 gp, which the spell consumes)", Instantaneous,"Bard, Druid"
Watery Sphere,Xanathar's Guide to Everything,4, 1 action,90 feet,"V, S, M (a droplet of water)"," Concentration, up to 1 minute","Druid, Sorcerer, Wizard"
Antilife Shell,Player's Handbook,5, 1 action,Self (10-foot radius),"V, S"," Concentration, up to 1 hour",Druid
Wall of Fire,Player's Handbook,4, 1 action,120 feet,"V, S, M (a small piece of phosphorus)"," Concentration, up to 1 minute","Druid, Sorcerer, Wizard"
Vitriolic Sphere,Xanathar's Guide to Everything,4, 1 action,150 feet,"V, S, M (a drop of giant slug bile)", Instantaneous,"Sorcerer, Wizard"
Summon Greater Demon,Xanathar's Guide to Everything,4, 1 action,60 feet,"V, S, M (a vial of blood from a humanoid killed within the past 24 hours)"," Concentration, up to 1 hour","Warlock, Wizard"
Shadow Of Moil,Xanathar's Guide to Everything,4, 1 action,Self,"V, S, M (an undead eyeball encased in a gem worth at least 150 gp)"," Concentration, up to 1 minute",Warlock
Polymorph,Player's Handbook,4, 1 action,60 feet,"V, S, M (a caterpillar cocoon)"," Concentration, up to 1 hour","Bard, Druid, Sorcerer, Wizard"
Phantasmal Killer,Player's Handbook,4, 1 action,120 feet,"V, S"," Concentration, up to 1 minute","Bard, Wizard"
Otiluke's Resilient Sphere,Player's Handbook,4, 1 action,30 feet,"V, S, M (a hemispherical piece of clear crystal and a matching hemispherical piece of gum arabic)"," Concentration, up to 1 minute","Disintegrate, Artificer, Wizard"
Raulothim's Psychic Lance,Fizban's Treasury of Dragons,4, 1 Action,120ft,V, Instantaneous,"Bard, Sorcerer, Warlock, Wizard"
Mordenkainen's Private Sanctum,Player's Handbook,4, 1 action,120 feet,"V, S, M (a thin sheet of lead, a piece of opaque glass, a wad of cotton or cloth, and powdered chrysolite)", 24 hours,"Artificer, Wizard"
Mordenkainen's Faithful Hound,Player's Handbook,4, 1 action,30 feet,"V, S, M (a tiny silver whistle, a piece of bone, and a thread)", 8 hours,"Artificer, Wizard"
Locate Creature,Player's Handbook,4, 1 action,Self,"V, S, M (a bit of fur from a bloodhound)"," Concentration, up to 1 hour","Bard, Cleric, Druid, Paladin, Ranger, Wizard"
Leomund's Secret Chest,Player's Handbook,4, 1 action,Touch,"V, S, M (an exquisite chest, 3 feet by 2 feet by 2 feet, constructed from rare materials worth at least 5,000 gp, and a Tiny replica made from the same materials worth at least 50 gp)", Instantaneous,"Artificer, Wizard"
Grasping Vine,Player's Handbook,4, 1 bonus action,30 feet,"V, S"," Concentration, up to 1 minute","Druid, Ranger"
Guardian of Faith,Player's Handbook,4, 1 action,30 feet,V, 8 hours,Cleric
Greater Invisibility,Player's Handbook,4, 1 action,Touch,"V, S"," Concentration, up to 1 minute","Bard, Sorcerer, Wizard"
Gravity Sinkhole,Explorer's Guide to Wildemount,4, 1 action,120 feet,"V, S, M (a black marble)", Instantaneous,Wizard
Giant Insect,Player's Handbook,4, 1 action,30 feet,"V, S"," Concentration, up to 10 minutes",Druid
Galder's Speedy Courier,Lost Laboratory of Kwalish,4, 1 action,10 feet,"V, S, M (25 gold pieces, or mineral goods of equivalent value, which the spell consumes)", 10 minutes,"Warlock, Wizard"
Freedom of Movement,Player's Handbook,4, 1 action,Touch,"V, S, M (a leather strap, bound around the arm or a similar appendage)", 1 hour,"Artificer, Bard, Cleric, Druid, Ranger"
Dominate Beast,Player's Handbook,4, 1 action,60 feet,"V, S"," Concentration, up to 1 minute","Druid, Ranger, Sorcerer"
Divination,Player's Handbook,4, 1 action,Self,"V, S, M (incense and a sacrificial offering appropriate to your religion, together worth at least 25 gp, which the spell consumes)", Instantaneous,"Cleric, Druid, Wizard"
Dimension Door,Player's Handbook,4, 1 action,500 feet,V, Instantaneous,"Bard, Sorcerer, Warlock, Wizard"
Death Ward,Player's Handbook,4, 1 action,Touch,"V, S", 8 hours,"Cleric, Paladin"
Control Water,Player's Handbook,4, 1 action,300 feet,"V, S, M (a drop of water and a pinch of dust)"," Concentration, up to 10 minutes","Cleric, Druid, Wizard"
Conjure Woodland Beings,Player's Handbook,4, 1 action,60 feet,"V, S, M (one holly berry per creature summoned)"," Concentration, up to 1 hour","Druid, Ranger"
Charm Monster,Xanathar's Guide to Everything,4, 1 action,30 feet,"V, S", 1 hour,"Bard, Druid, Sorcerer, Warlock, Wizard"
Aura of Purity,Player's Handbook,4, 1 action,Self (30-foot radius),V," Concentration, up to 10 minutes","Cleric, Paladin"
Blight,Player's Handbook,4, 1 action,30 feet,"V, S", Instantaneous,"Druid, Sorcerer, Warlock, Wizard"
Banishment,Player's Handbook,4, 1 action,60 feet,"V, S, M (an item distasteful to the target)"," Concentration, up to 1 minute","Cleric, Paladin, Sorcerer, Warlock, Wizard"
Aura of Life,Player's Handbook,4, 1 action,Self (30-foot radius),V," Concentration, up to 10 minutes","Cleric, Paladin"
Arcane Eye,Player's Handbook,4, 1 action,30 feet,"V, S, M (a bit of bat fur)"," Concentration, up to 1 hour","Artificer, Wizard"
Wind Wall,Player's Handbook,3, 1 action,120 feet,"V, S, M (a tiny fan and a feather of exotic origin)"," Concentration, up to 1 minute","Druid, Ranger"
Tongues,Player's Handbook,3, 1 action,Touch,"V, M (a small clay model of a ziggurat)", 1 hour,"Bard, Cleric, Sorcerer, Warlock, Wizard"
Tiny Servant,Xanathar's Guide to Everything,3, 1 minute,Touch,"V, S", 8 hours,"Wizard, Artificer"
Thunder Step,Xanathar's Guide to Everything,3, 1 action,90 ft,V, Instantaneous,"Sorcerer, Warlock, Wizard"
Summon Undead,Tasha's Cauldron of Everything,3, 1 action,90 feet,"V, S, M (a gilded skull worth at least 300 gp)"," Concentration, up to 1 hour","Warlock, Wizard"
Tidal Wave,Xanathar's Guide to Everything,3, 1 action,120 feet,"V, S, M (a drop of water)", Instantaneous,"Druid, Wizard"
Summon Shadowspawn,Tasha's Cauldron of Everything,3, 1 action,90 feet,"V, S, M (tears inside a crystal vial worth at least 300 gp)"," Concentration, up to 1 hour","Warlock, Wizard"
Spirit Shroud,Tasha's Cauldron of Everything,3, 1 bonus action,Self,"V, S"," Concentration, up to 1 minute","Cleric, Paladin, Warlock, Wizard"
Spirit Guardians,Player's Handbook,3, 1 action,Self (15-foot-radius),"V, S, M (a holy symbol)"," Concentration, up to 10 minutes",Cleric
Speak with Plants,Player's Handbook,3, 1 action,Self (30-foot radius),"V, S", 10 minutes,"Bard, Druid, Ranger"
Speak with Dead,Player's Handbook,3, 1 action,10 feet,"V, S, M (burning incense)", 10 minutes,"Bard, Cleric, Wizard"
Slow,Player's Handbook,3, 1 action,120 feet,"V, S, M (a drop of molasses)"," Concentration, up to 1 minute","Bard, Sorcerer, Wizard"
Protection from Energy,Player's Handbook,3, 1 action,Touch,"V, S"," Concentration, up to 1 hour","Artificer, Cleric, Druid, Ranger, Sorcerer, Wizard"
Plant Growth,Player's Handbook,3, 1 action or 8 hours,150 feet,"V, S", Instantaneous,"Bard, Druid, Ranger"
Phantom Steed,Player's Handbook,3, 1 action,30 feet,"V, S", 1 hour,Wizard
Nondetection,Player's Handbook,3, 1 action,Touch,"V, S, M (a pinch of diamond dust worth 25 gp sprinkled over the target, which the spell consumes)", 8 hours,"Bard, Ranger, Wizard"
Motivational Speech,Acquisitions Inc.,3, 1 minute,60 feet,V, 1 hour,"Bard, Cleric"
Major Image,Player's Handbook,3, 1 action,120 feet,"V, S, M (a bit of fleece)"," Concentration, up to 10 minutes","Bard, Sorcerer, Warlock, Wizard"
Magic Circle,Player's Handbook,3, 1 minute,10 feet,"V, S, M (holy water or powdered silver and iron worth at least 100 gp, which the spell consumes)", 1 hour,"Cleric, Paladin, Warlock, Wizard"
Lightning Bolt,Player's Handbook,3, 1 action,Self (100-foot line),"V, S, M (a bit of fur and a rod of amber, crystal, or glass)", Instantaneous,"Sorcerer, Wizard"
Lightning Arrow,Player's Handbook,3, 1 bonus action,Self,"V, S"," Concentration, up to 1 minute",Ranger
Life Transference,Xanathar's Guide to Everything,3, 1 action,30 feet,"V, S", Instantaneous,"Cleric, Wizard"
Leomund's Tiny Hut,Player's Handbook,3, 1 minute,Self (10-foot-radius hemisphere),"V, S, M (a small crystal bead)", 8 hours,"Bard, Wizard"
Intellect Fortress,Tasha's Cauldron of Everything,3, 1 action,30 feet,V," Concentration, up to 1 hour","Artificer, Bard, Sorcerer, Warlock, Wizard"
Incite Greed,Acquisitions Inc.,3, 1 action,30 feet,"V, S, M (a gem worth at least 50 gp)"," Concentration, up to 1 minute","Cleric, Sorcerer, Warlock, Wizard"
Hypnotic Pattern,Player's Handbook,3, 1 action,120 feet,"S, M (a glowing stick of incense or a crystal vial filled with phosphorescent material)"," Concentration, up to 1 minute","Bard, Sorcerer, Warlock, Wizard"
Hunger Of Hadar,Player's Handbook,3, 1 action,150 feet,"V, S, M (a pickled octopus tentacle)"," Concentration, up to 1 minute",Warlock
Haste,Player's Handbook,3, 1 action,30 feet,"V, S, M (a shaving of licorice root)"," Concentration, up to 1 minute","Artificer, Sorcerer, Wizard"
Glyph of Warding,Player's Handbook,3, 1 hour,Touch,"V, S, M (incense and powdered diamond worth at least 200 gp, which the spell consumes)", Until dispelled or triggered,"Artificer, Bard, Cleric, Wizard"
Galder's Tower,Lost Laboratory of Kwalish,3, 10 minutes,30 feet,"V, S, M (a fragment of stone, wood, or other building material)", 24 hours,Wizard
Fly,Player's Handbook,3, 1 action,Touch,"V, S, M (a wing feather from any bird)"," Concentration, up to 10 minutes","Artificer, Sorcerer, Warlock, Wizard"
Flame Arrows,Xanathar's Guide to Everything,3, 1 action,Touch,"V, S"," Concentration, up to 1 hour","Druid, Ranger, Sorcerer, Wizard, Artificer"
Gaseous Form,Player's Handbook,3, 1 action,Touch,"V, S, M (a bit of gauze and a wisp of smoke)"," Concentration, up to 1 hour","Sorcerer, Warlock, Wizard"
Erupting Earth,Xanathar's Guide to Everything/Elemental Evil Player's Companion,3, 1 action,120 feet,"V, S, M (a piece of obsidian)", Instantaneous,"Druid, Sorcerer, Wizard"
Enemies Abound,Xanathar's Guide to Everything,3, 1 action,120 feet,"V, S"," Concentration, up to 1 minute","Bard, Sorcerer, Warlock, Wizard"
Elemental Weapon,Player's Handbook,3, 1 action,Touch,"V, S"," Concentration, up to 1 hour","Artificer, Druid, Paladin, Ranger"
Dispel Magic,Player's Handbook,3, 1 action,120 feet,"V, S", Instantaneous,"Artificer, Bard, Cleric, Druid, Paladin, Sorcerer, Warlock, Wizard"
Clairvoyance,Player's Handbook,3, 10 minutes,1 mile,"V, S, M (a focus worth at least 100 gp, either a jeweled horn for hearing or a glass eye for seeing)"," Concentration, up to 10 minutes","Bard, Cleric, Sorcerer, Wizard"
Daylight,Player's Handbook,3, 1 action,60 feet,"V, S", 1 hour,"Cleric, Druid, Paladin, Ranger, Sorcerer"
Conjure Barrage,Player's Handbook,3, 1 action,Self (60-foot cone),"V, S, M (one piece of ammunition or a thrown weapon)", Instantaneous,Ranger
Conjure Animals,Player's Handbook,3, 1 action,60 feet,"V, S"," Concentration, up to 1 hour","Druid, Ranger"
Catnap,Xanathar's Guide to Everything,3, 1 action,30 feet,"S, M (a pinch of sand)", 10 minutes,"Artificer, Bard, Sorcerer, Wizard"
Call Lightning,Player's Handbook,3, 1 action,120 feet,"V, S"," Concentration, up to 10 minutes",Druid
Blink,Player's Handbook,3, 1 action,Self,"V, S", 1 minute,"Artificer, Sorcerer, Wizard"
Blinding Smite,Player's Handbook,3, 1 bonus action,Self,V," Concentration, up to 1 minute",Paladin
Bestow Curse,Player's Handbook,3, 1 action,Touch,"V, S"," Concentration, up to 1 minute","Remove Curse, Bard, Cleric, Wizard"
Beacon of Hope,Player's Handbook,3, 1 action,30 feet,"V, S"," Concentration, up to 1 minute",Cleric
Aura of Vitality,Player's Handbook,3, 1 action,Self (30-foot radius),V," Concentration, up to 1 minute","Cleric, Druid, Paladin"
Ashardalon's Stride,Fizban's Treasury of Dragons,3, 1 bonus action,Self,"V,S"," Concentration, up to 1 minute","Artificer, Ranger, Sorcerer, Wizard"
Animate Dead,Player's Handbook,3, 1 minute,10 feet,"V, S, M (a drop of blood, a piece of flesh, and a pinch of bone dust)", Instantaneous,"Cleric, Wizard"
Zone of Truth,Player's Handbook,2, 1 action,60 feet,"V, S", 10 minutes,"Bard, Cleric, Paladin"
Web,Player's Handbook,2, 1 action,60 feet,"V, S, M (a bit of spiderweb)"," Concentration, up to 1 hour","Artificer, Sorcerer, Wizard"
Wristpocket,Explorer's Guide to Wildemount,2, 1 action,Self,S," Concentration, up to 1 hour",Wizard (Dunamancy)
Wither and Bloom,Strixhaven: A Curriculum of Chaos,2, 1 action,60 feet,"V, S, M (a withered vine twisted into a loop)", Instantaneous,"Druid, Sorcerer, Wizard"
Warding Wind,Xanathar's Guide to Everything,2, 1 action,Self,V," Concentration, up to 10 minutes","Bard, Druid, Sorcerer, Wizard"
Warding Bond,Player's Handbook,2, 1 action,Touch,"V, S, M (a pair of platinum rings worth at least 50 gp each, which you and target must wear for the duration)", 1 hour,"Cleric, Paladin"
Vortex Warp,Strixhaven: A Curriculum of Chaos,2, 1 action,90 feet,"V, S", Instantaneous,"Artificer, Sorcerer, Wizard"
Tasha's Mind Whip,Tasha's Cauldron of Everything,2, 1 action,90 feet,V, 1 round,"Sorcerer, Wizard"
Summon Beast,Tasha's Cauldron of Everything,2, 1 action,90 feet,"V, S, M (a feather, tuft of fur, and fish tail inside a gilded acorn worth at least 200 gp)"," Concentration, up to 1 hour","Druid, Ranger"
Spiritual Weapon,Player's Handbook,2, 1 bonus action,60 feet,"V, S", 1 minute,Cleric
Spike Growth,Player's Handbook,2, 1 action,150 feet,"V, S, M (seven sharp thorns or seven small twigs, each sharpened to a point)"," Concentration, up to 10 minutes","Druid, Ranger"
Suggestion,Player's Handbook,2, 1 action,30 feet,"V, M (a snake’s tongue and either a bit of honeycomb or a drop of sweet oil)"," Concentration, up to 8 hours","Bard, Sorcerer, Warlock, Wizard"
Spider Climb,Player's Handbook,2, 1 action,Touch,"V, S, M (a drop of bitumen and a spider)"," Concentration, up to 1 hour","Artificer, Sorcerer, Warlock, Wizard"
Snilloc's Snowball Storm,Xanathar's Guide to Everything,2, 1 action,90 feet,"V, S, M (a piece of ice or a small white rock chip)", Instantaneous,"Sorcerer, Wizard"
Skywrite,Xanathar's Guide to Everything,2, 1 action,Sight,"V, S"," Concentration, up to 1 day","Bard, Druid, Wizard, Artificer"
Silence,Player's Handbook,2, 1 action,120 feet,"V, S"," Concentration, up to 10 minutes","Bard, Cleric, Ranger"
Shatter,Player's Handbook,2, 1 action,60 feet,"V, S, M (a chip of mica)", Instantaneous,"Bard, Sorcerer, Warlock, Wizard"
Shadow Blade,Xanathar's Guide to Everything,2, 1 bonus action,Self,"V, S"," Concentration, up to 1 minute","Sorcerer, Warlock, Wizard"
See Invisibility,Player's Handbook,2, 1 action,Self,"V, S, M (a pinch of talc and a small sprinkling of powdered silver)", 1 hour,"Artificer, Bard, Sorcerer, Wizard"
Scorching Ray,Player's Handbook,2, 1 action,120 feet,"V, S", Instantaneous,"Sorcerer, Wizard"
Rope Trick,Player's Handbook,2, 1 action,Touch,"V, S, M (powdered corn extract and a twisted loop of parchment)", 1 hour,"Artificer, Wizard"
Rime's Binding Ice,Fizban's Treasury of Dragons,2, 1 Action,Self (30-foot cone),"S, M (a vial of meltwater)", Instantaneous,"Sorcerer, Wizard"
Ray of Enfeeblement,Player's Handbook,2, 1 action,60 feet,"V, S"," Concentration, up to 1 minute","Warlock, Wizard"
Pyrotechnics,Xanathar's Guide to Everything,2, 1 action,60 feet,"V, S", Instantaneous,"Bard, Sorcerer, Wizard, Artificer"
Protection from Poison,Player's Handbook,2, 1 action,Touch,"V, S", 1 hour,"Artificer, Cleric, Druid, Paladin, Ranger"
Prayer of Healing,Player's Handbook,2, 10 minutes,30 feet,V, Instantaneous,"Cleric, Paladin"
Phantasmal Force,Player's Handbook,2, 1 action,60 feet,"V, S, M (a bit of fleece)"," Concentration, up to 1 minute","Bard, Sorcerer, Wizard"
Pass Without Trace,Player's Handbook,2, 1 action,Self,"V, S, M (ashes from a burned leaf of mistletoe and a sprig of spruce)"," Concentration, up to 1 hour","Druid, Ranger"
Nystul's Magic Aura,Player's Handbook,2, 1 action,Touch,"V, S, M (a small square of silk)", 24 hours,"Detect Magic, Wizard"
Nathair's Mischief,Fizban's Treasury of Dragons,2, 1 Action,60ft,"S, M (a piece of crust from an apple pie)"," Concentration, up to 1 minute","Bard, Sorcerer, Wizard"
Moonbeam,Player's Handbook,2, 1 action,120 feet,"V, S, M (several seeds of any moonseed plant and a piece of opalescent feldspar)"," Concentration, up to 1 minute",Druid
Misty Step,Player's Handbook,2, 1 bonus action,Self,V, Instantaneous,"Sorcerer, Warlock, Wizard"
Mirror Image,Player's Handbook,2, 1 action,Self,"V, S", 1 minute,"Bard, Sorcerer, Warlock, Wizard"
Mind Spike,Xanathar's Guide to Everything,2, 1 action,60 feet,S," Concentration, up to 1 hour","Sorcerer, Warlock, Wizard"
Melf's Acid Arrow,Player's Handbook,2, 1 action,90 feet,"V, S, M (powdered rhubarb leaf and an adder’s stomach)", Instantaneous,Wizard
Magic Weapon,Player's Handbook,2, 1 bonus action,Touch,"V, S"," Concentration, up to 1 hour","Artificer, Paladin, Ranger, Sorcerer, Wizard"
Magic Mouth,Player's Handbook,2, 1 minute,30 feet,"V, S, M (a small bit of honeycomb and jade dust worth at least 10 gp, which the spell consumes)", Until dispelled,"Artificer, Bard, Wizard"
Locate Object,Player's Handbook,2, 1 action,Self,"V, S, M (a forked twig)"," Concentration, up to 10 minutes","Bard, Cleric, Druid, Paladin, Ranger, Wizard"
Maximillian's Earthen Grasp,Xanathar's Guide to Everything,2, 1 action,30 feet,"V, S, M (a miniature hand sculpted from clay)"," Concentration, up to 1 minute","Sorcerer, Wizard"
Locate Animals or Plants,Player's Handbook,2, 1 action,Self,"V, S, M (a bit of fur from a bloodhound)", Instantaneous,"Bard, Druid, Ranger"
Levitate,Player's Handbook,2, 1 action,60 feet,"V, S, M (either a small leather loop or a piece of golden wire bent into a cup shape with a long shank on one end)"," Concentration, up to 10 minutes","Artificer, Sorcerer, Wizard"
Lesser Restoration,Player's Handbook,2, 1 action,Touch,"V, S", Instantaneous,"Artificer, Bard, Cleric, Druid, Paladin, Ranger"
Knock,Player's Handbook,2, 1 action,60 feet,V, Instantaneous,"Arcane Lock, Bard, Sorcerer, Wizard"
Immovable Object,Explorer's Guide to Wildemount,2, 1 action,Touch,"V, S, M (gold dust worth at least 25 gp, which the spell consumes)", 1 hour,Wizard (Graviturgy)
Kinetic Jaunt,Strixhaven: A Curriculum of Chaos,2, 1 bonus action,Self,S," Concentration, up to 1 minute","Artificer, Bard, Sorcerer, Wizard"
Jim's Glowing Coin,Acquisitions Inc.,2, 1 action,60 feet,"S, M (a coin, 2 gold coins, which is consumed as tax for using the spell)", 1 minute,Wizard
Invisibility,Player's Handbook,2, 1 action,Touch,"V, S, M (an eyelash encased in gum arabic)"," Concentration, up to 1 hour","Artificer, Bard, Sorcerer, Warlock, Wizard"
Hold Person,Player's Handbook,2, 1 action,60 feet,"V, S, M (a small, straight piece of iron)"," Concentration, up to 1 minute","Bard, Cleric, Druid, Sorcerer, Warlock, Wizard"
Heat Metal,Player's Handbook,2, 1 action,60 feet,"V, S, M (a piece of iron and a flame)"," Concentration, up to 1 minute","Artificer, Bard, Druid"
Healing Spirit,Xanathar's Guide to Everything,2, 1 bonus action,60 feet,"V, S"," Concentration, up to 1 minute","Druid, Ranger"
Gust of Wind,Player's Handbook,2, 1 action,Self (60-foot line),"V, S, M (a legume seed)"," Concentration, up to 1 minute","Druid, Ranger, Sorcerer, Wizard"
Gift of Gab,Acquisitions Inc.,2," 1 reaction, which you take when you speak to another creature",Self,"V, S, M (2 gold coins, which is consumed as tax for using the spell)", Instantaneous,"Bard, Wizard"
Gentle Repose,Player's Handbook,2, 1 action,Touch,"V, S, M (a pinch of salt and one copper piece placed on each of the corpse’s eyes, which must remain there for the duration)", 10 days,"Cleric, Paladin, Wizard"
Fortune's Favor,Explorer's Guide to Wildemount,2, 1 action,60 feet,"V, S, M (a white pearl worth at least 100 gp, which the spell consumes)", 1 hour,Wizard (Dunamancy)
Flock of Familiars,Lost Laboratory of Kwalish,2, 1 minute,Touch,"V, S"," Concentration, up to 1 hour","Find Familiar, Find Familiar, Warlock, Wizard"
Flaming Sphere,Player's Handbook,2, 1 action,60 feet,"V, S, M (a bit of tallow, a pinch of brimstone, and a dusting of powdered iron)"," Concentration, up to 1 minute","Druid, Sorcerer, Wizard"
Flame Blade,Player's Handbook,2, 1 bonus action,Self,"V, S, M (a leaf of sumac)"," Concentration, up to 10 minutes","Druid, Sorcerer"
Enthrall,Player's Handbook,2, 1 action,60 feet,"V, S", 1 minute,"Bard, Warlock"
Find Traps,Player's Handbook,2, 1 action,120 feet,"V, S", Instantaneous,"Cleric, Druid, Ranger"
Find Steed,Player's Handbook,2, 10 minutes,30 feet,"V, S", Instantaneous,Paladin
Enlarge/Reduce,Player's Handbook,2, 1 action,30 feet,"V, S, M (a pinch of powdered iron)"," Concentration, up to 1 minute","Artificer, Bard, Druid, Sorcerer, Wizard"
Enhance Ability,Player's Handbook,2, 1 action,Touch,"V, S, M (fur or a feather from a beast)"," Concentration, up to 1 hour","Artificer, Bard, Cleric, Druid, Ranger, Sorcerer, Wizard"
Earthbind,Xanathar's Guide to Everything,2, 1 action,300 feet,V," Concentration, up to 1 minute","Druid, Sorcerer, Warlock, Wizard"
Darkness,Player's Handbook,2, 1 action,60 feet,"V, M (bat fur and a drop of pitch or piece of coal)"," Concentration, up to 10 minutes","Sorcerer, Warlock, Wizard"
Detect Thoughts,Player's Handbook,2, 1 action,Self,"V, S, M (a copper piece)"," Concentration, up to 1 minute","Bard, Sorcerer, Wizard"
Crown of Madness,Player's Handbook,2, 1 action,120 feet,"V, S"," Concentration, up to 1 minute","Bard, Sorcerer, Warlock, Wizard"
Cordon of Arrows,Player's Handbook,2, 1 action,5 feet,"V, S, M (four or more arrows or bolts)", 8 hours,Ranger
Dust Devil,Xanathar's Guide to Everything,2, 1 action,60 feet,"V, S, M (a pinch of dust)"," Concentration, up to 1 minute","Druid, Sorcerer, Wizard"
Dragon's Breath,Xanathar's Guide to Everything,2, 1 bonus action,Touch,"V, S, M (a hot pepper)"," Concentration, up to 1 minute","Sorcerer, Wizard"
Darkvision,Player's Handbook,2, 1 action,Touch,"V, S, M (either a pinch of dried carrot or an agate)", 8 hours,"Artificer, Druid, Ranger, Sorcerer, Wizard"
Continual Flame,Player's Handbook,2, 1 action,Touch,"V, S, M (ruby dust worth 50 gp, which the spell consumes)", Until dispelled,"Artificer, Cleric, Druid, Wizard"
Blindness/Deafness,Player's Handbook,2, 1 action,30 feet,V, 1 minute,"Bard, Cleric, Sorcerer, Wizard"
Cloud of Daggers,Player's Handbook,2, 1 action,60 feet,"V, S, M (a sliver of glass)"," Concentration, up to 1 minute","Bard, Sorcerer, Warlock, Wizard"
Calm Emotions,Player's Handbook,2, 1 action,60 feet,"V, S"," Concentration, up to 1 minute","Bard, Cleric"
Branding Smite,Player's Handbook,2, 1 bonus action,Self,V," Concentration, up to 1 minute",Paladin
Borrowed Knowledge,Strixhaven: A Curriculum of Chaos,2, 1 action,Self,"V, S, M (a book worth at least 25 gp)", 1 hour,"Bard, Cleric, Warlock, Wizard"
Barkskin,Player's Handbook,2, 1 action,Touch,"V, S, M (a handful of oak bark)"," Concentration, up to 1 hour","Druid, Ranger"
Blur,Player's Handbook,2, 1 action,Self,V," Concentration, up to 1 minute","Artificer, Sorcerer, Wizard"
Beast Sense,Player's Handbook,2, 1 action,Touch,S," Concentration, up to 1 hour","Druid, Ranger"
Zephyr Strike,Xanathar's Guide to Everything,1, 1 bonus action,Self,V," Concentration, up to 1 minute",Ranger
Augury,Player's Handbook,2, 1 minute,Self,"V, S, M (specially marked sticks, bones, or similar tokens worth at least 25 gp)", Instantaneous,"Cleric, Druid, Wizard"
Arcane Lock,Player's Handbook,2, 1 action,Touch,"V, S, M (gold dust worth at least 25 gp, which the spell consumes)", Until dispelled,"Artificer, Wizard"
Wrathful Smite,Player's Handbook,1, 1 bonus action,Self,V," Concentration, up to 1 minute",Paladin
Animal Messenger,Player's Handbook,2, 1 action,30 feet,"V, S, M (a morsel of food)", 24 hours,"Bard, Druid, Ranger"
Alter Self,Player's Handbook,2, 1 action,Self,"V, S"," Concentration, up to 1 hour","Artificer, Sorcerer, Wizard"
Aid,Player's Handbook,2, 1 action,30 feet,"V, S, M (a tiny strip of white cloth)", 8 hours,"Artificer, Bard, Cleric, Paladin, Ranger"
Aganazzar's Scorcher,Xanathar's Guide to Everything,2, 1 action,30 feet,"V, S, M (a red dragon’s scale)", Instantaneous,"Sorcerer, Wizard"
Unseen Servant,Player's Handbook,1, 1 action,60 feet,"V, S, M (a piece of string and a bit of wood)", 1 hour,"Bard, Warlock, Wizard"
Thunderwave,Player's Handbook,1, 1 action,Self (15-foot cube),"V, S", Instantaneous,"Bard, Druid, Sorcerer, Wizard"
Tenser's Floating Disk,Player's Handbook,1, 1 action,30 feet,"V, S, M (a drop of mercury)", 1 hour,Wizard
Thunderous Smite,Player's Handbook,1, 1 bonus action,Self,V," Concentration, up to 1 minute",Paladin
Tasha's Caustic Brew,Tasha's Cauldron of Everything,1, 1 action,Self (30-foot line),"V, S, M (a bit of rotten food)"," Concentration, up to 1 minute","Artificer, Sorcerer, Wizard"
Speak with Animals,Player's Handbook,1, 1 action,Self,"V, S", 10 minutes,"Bard, Druid, Ranger"
Snare,Xanathar's Guide to Everything,1, 1 minute,Touch,"V, S, M (30 feet of cord or rope, which is consumed by the spell)", Until dispelled or triggered,"Artificer, Druid, Ranger, Wizard"
Tasha's Hideous Laughter,Player's Handbook,1, 1 action,30 feet,"V, S, M (tiny tarts and a feather that is waved in the air)"," Concentration, up to 1 minute","Bard, Wizard"
Silvery Barbs,Strixhaven: A Curriculum of Chaos,1," 1 reaction, which you take when a creature you can see within 60 feet of yourself succeeds on an attack roll, an ability check, or a saving throw",60 feet,V, Instantaneous,"Bard, Sorcerer, Wizard"
Silent Image,Player's Handbook,1, 1 action,60 feet,"V, S, M (a bit of fleece)"," Concentration, up to 10 minutes","Bard, Sorcerer, Wizard"
Shield of Faith,Player's Handbook,1, 1 bonus action,60 feet,"V, S, M (a small parchment with a bit of holy text written on it)"," Concentration, up to 10 minutes","Cleric, Paladin"
Shield,Player's Handbook,1," 1 reaction, which you take when you are hit by an attack or targeted by the ",,,"
","Magic Missile, Magic Missile, Sorcerer, Wizard"
Sleep,Player's Handbook,1, 1 action,90 feet,"V, S, M (a pinch of fine sand, rose petals, or a cricket)", 1 minute,"Bard, Sorcerer, Wizard"
Ray of Sickness,Player's Handbook,1, 1 action,60 feet,"V, S", Instantaneous,"Sorcerer, Wizard"
Searing Smite,Player's Handbook,1, 1 bonus action,Self,V," Concentration, up to 1 minute","Paladin, Ranger"
Sanctuary,Player's Handbook,1, 1 bonus action,30 feet,"V, S, M (a small silver mirror)", 1 minute,"Artificer, Cleric"
Purify Food and Drink,Player's Handbook,1, 1 action,10 feet,"V, S", Instantaneous,"Artificer, Cleric, Druid, Paladin"
Protection from Evil and Good,Player's Handbook,1, 1 action,Touch,"V, S, M (holy water or powdered silver and iron, which the spell consumes)"," Concentration, up to 10 minutes","Cleric, Druid, Paladin, Warlock, Wizard"
Magnify Gravity,Explorer's Guide to Wildemount,1, 1 action,60 feet,"V, S", 1 round,Wizard (Dunamancy)
Magic Missile,Player's Handbook,1, 1 action,120 feet,"V, S", Instantaneous,"Sorcerer, Wizard"
Mage Armor,Player's Handbook,1, 1 action,Touch,"V, S, M (a piece of cured leather)", 8 hours,"Sorcerer, Wizard"
Longstrider,Player's Handbook,1, 1 action,Touch,"V, S, M (a pinch of dirt)", 1 hour,"Artificer, Bard, Druid, Ranger, Wizard"
Jump,Player's Handbook,1, 1 action,Touch,"V, S, M (a grasshopper’s hind leg)", 1 minute,"Artificer, Druid, Ranger, Sorcerer, Wizard"
Jim's Magic Missile,Acquisitions Inc.,1, 1 action,120 feet,"V, S, M (1 gold coin, which is consumed as tax for using the spell)", Instantaneous,Wizard
Inflict Wounds,Player's Handbook,1, 1 action,Touch,"V, S", Instantaneous,Cleric
Illusory Script,Player's Handbook,1, 1 minute,Touch,"S, M (a lead-based ink worth at least 10 gp, which the spell consumes)", 10 days,"Bard, Warlock, Wizard"
Identify,Player's Handbook,1, 1 minute,Touch,"V, S, M (a pearl worth at least 100 gp and an owl feather)", Instantaneous,"Artificer, Bard, Wizard"
Ice Knife,Xanathar's Guide to Everything,1, 1 action,60 feet,"S, M (a drop of water or piece of ice)", Instantaneous,"Druid, Sorcerer, Wizard"
Hunter's Mark,Player's Handbook,1, 1 bonus action,90 feet,V," Concentration, up to 1 hour",Ranger
Heroism,Player's Handbook,1, 1 action,Touch,"V, S"," Concentration, up to 1 minute","Bard, Paladin"
Hellish Rebuke,Player's Handbook,1," 1 reaction, which you take when you are damaged by a creature within 60 feet of you that you can see",60 feet,"V, S", Instantaneous,Warlock
Hex,Player's Handbook,1, 1 bonus action,90 feet,"V, S, M (the petrified eye of a newt)"," Concentration, up to 1 hour","Remove Curse, Warlock"
Healing Word,Player's Handbook,1, 1 bonus action,60 feet,V, Instantaneous,"Bard, Cleric, Druid"
Hail of Thorns,Player's Handbook,1, 1 bonus action,Self,V," Concentration, up to 1 minute",Ranger
Guiding Bolt,Player's Handbook,1, 1 action,120 feet,"V, S", 1 round,Cleric
Goodberry,Player's Handbook,1, 1 action,Touch,"V, S, M (a sprig of mistletoe)", Instantaneous,"Druid, Ranger"
Fog Cloud,Player's Handbook,1, 1 action,120 feet,"V, S"," Concentration, up to 1 hour","Druid, Ranger, Sorcerer, Wizard"
Grease,Player's Handbook,1, 1 action,60 feet,"V, S, M (a bit of pork rind or butter)", 1 minute,"Artificer, Sorcerer, Wizard"
Gift of Alacrity,Explorer's Guide to Wildemount,1, 1 minute,Touch,"V, S", 8 hours,Wizard (Dunamancy)
Frost Fingers,Icewind Dale - Rime of the Frostmaiden,1, 1 action,Self (15-foot cone),"V, S", Instantaneous,Wizard
Find Familiar,Player's Handbook,1, 1 hour,10 feet,"V, S, M (10 gp worth of charcoal, incense, and herbs that must be consumed by fire in a brass brazier)", Instantaneous,Wizard
Feather Fall,Player's Handbook,1," 1 reaction, which you take when you or a creature within 60 feet of you falls",60 feet,"V, M (a small feather or piece of down)", 1 minute,"Artificer, Bard, Sorcerer, Wizard"
False Life,Player's Handbook,1, 1 action,Self,"V, S, M (a small amount of alcohol or distilled spirits)", 1 hour,"Artificer, Sorcerer, Wizard"
Entangle,Player's Handbook,1, 1 action,90 feet,"V, S"," Concentration, up to 1 minute","Druid, Ranger"
Ensnaring Strike,Player's Handbook,1, 1 bonus action,Self,V," Concentration, up to 1 minute",Ranger
Divine Favor,Player's Handbook,1, 1 bonus action,Self,"V, S"," Concentration, up to 1 minute",Paladin
Faerie Fire,Player's Handbook,1, 1 action,60 feet,V," Concentration, up to 1 minute","Artificer, Bard, Druid"
Distort Value,Acquisitions Inc.,1, 1 minute,Touch,V, 8 hours,"Bard, Sorcerer, Warlock, Wizard"
Dissonant Whispers,Player's Handbook,1, 1 action,60 feet,V, Instantaneous,Bard
Expeditious Retreat,Player's Handbook,1, 1 bonus action,Self,"V, S"," Concentration, up to 10 minutes","Artificer, Sorcerer, Warlock, Wizard"
Earth Tremor,Xanathar's Guide to Everything/Elemental Evil Player's Companion,1, 1 action,Self (10-foot radius),"V, S", Instantaneous,"Bard, Druid, Sorcerer, Wizard"
Disguise Self,Player's Handbook,1, 1 action,Self,"V, S", 1 hour,"Artificer, Bard, Sorcerer, Wizard"
Detect Poison and Disease,Player's Handbook,1, 1 action,Self,"V, S, M (a yew leaf)"," Concentration, up to 10 minutes","Cleric, Druid, Paladin, Ranger"
Detect Evil and Good,Player's Handbook,1, 1 action,Self,"V, S"," Concentration, up to 10 minutes","Cleric, Paladin"
Detect Magic,Player's Handbook,1, 1 action,Self,"V, S"," Concentration, up to 10 minutes","Artificer, Bard, Cleric, Druid, Paladin, Ranger, Sorcerer, Wizard"
Cure Wounds,Player's Handbook,1, 1 action,Touch,"V, S", Instantaneous,"Artificer, Bard, Cleric, Druid, Paladin, Ranger"
Create or Destroy Water,Player's Handbook,1, 1 action,30 feet,"V, S, M (a drop of water if creating water or a few grains of sand if destroying it)", Instantaneous,"Cleric, Druid"
Command,Player's Handbook,1, 1 action,60 feet,V, 1 round,"Bard, Cleric, Paladin"
Color Spray,Player's Handbook,1, 1 action,Self (15-foot cone),"V, S, M", 1 round,"Bard, Sorcerer, Wizard"
Compelled Duel,Player's Handbook,1, 1 bonus action,30 feet,V," Concentration, up to 1 minute",Paladin
Comprehend Languages,Player's Handbook,1, 1 action,Self,"V, S, M (a pinch of soot and salt)", 1 hour,"Bard, Sorcerer, Warlock, Wizard"
Chromatic Orb,Player's Handbook,1, 1 action,90 feet,"V, S, M (a diamond worth at least 50 gp)", Instantaneous,"Sorcerer, Wizard"
Charm Person,Player's Handbook,1, 1 action,30 feet,"V, S", 1 hour,"Bard, Druid, Sorcerer, Warlock, Wizard"
Chaos Bolt,Xanathar's Guide to Everything,1, 1 action,120 feet,"V, S", Instantaneous,Sorcerer
Ceremony,Xanathar's Guide to Everything,1, 1 hour,Touch,"V, S, M (25 gp worth of powdered silver, which the spell consumes)", Instantaneous (see below),Wish
Bless,Player's Handbook,1, 1 action,30 feet,"V, S, M (a sprinkling of holy water)"," Concentration, up to 1 minute","Cleric, Paladin"
Cause Fear,Xanathar's Guide to Everything,1, 1 action,60 feet,"V, S"," Concentration, up to 1 minute","Warlock, Wizard"
Catapult,Xanathar's Guide to Everything,1, 1 action,60 feet,S, Instantaneous,"Sorcerer, Wizard, Artificer"
Burning Hands,Player's Handbook,1, 1 action,Self (15-foot cone),"V, S", Instantaneous,"Sorcerer, Wizard"
Beast Bond,Xanathar's Guide to Everything,1, 1 action,Touch,"V, S, M (a bit of fur wrapped in cloth)"," Concentration, up to 10 minutes","Druid, Ranger"
Bane,Player's Handbook,1, 1 action,30 feet,"V, S, M (a drop of blood)"," Concentration, up to 1 minute","Bard, Cleric"
Arms of Hadar,Player's Handbook,1, 1 action,Self (10-foot radius),"V, S", Instantaneous,Warlock
Armor of Agathys,Player's Handbook,1, 1 action,Self,"V, S, M (a cup of water)", 1 hour,Warlock
Animal Friendship,Player's Handbook,1, 1 action,30 feet,"V, S, M (a morsel of food)", 24 hours,"Bard, Druid, Ranger"
Alarm,Player's Handbook,1, 1 action,30 feet,"V, S, M (a tiny bell and a piece of fine silver wire)", 8 hours,"Artificer, Ranger, Wizard"
Absorb Elements,Xanathar's Guide to Everything,1," 1 reaction, which you take when you take acid, cold, fire, lightning, or thunder damage",Self,S, 1 round,"Artificer, Druid, Ranger, Sorcerer, Wizard"
Word of Radiance,Xanathar's Guide to Everything,Cantrip, 1 action,5 feet,"V, M (a holy symbol)", Instantaneous,Cleric
Vicious Mockery,Player's Handbook,Cantrip, 1 action,60 feet,V, Instantaneous,Bard
True Strike,Player's Handbook,Cantrip, 1 action,30 feet,S," Concentration, up to 1 round","Bard, Sorcerer, Warlock, Wizard"
Toll the Dead,Xanathar's Guide to Everything,Cantrip, 1 action,60 feet,"V, S", Instantaneous,"Cleric, Warlock, Wizard"
Thunderclap,Xanathar's Guide to Everything,Cantrip, 1 action,Self (5-foot radius),S, Instantaneous,"Bard, Druid, Sorcerer, Warlock, Wizard, Artificer"
Thorn Whip,Player's Handbook,Cantrip, 1 action,30 feet,"V, S, M (the stem of a plant with thorns)", Instantaneous,"Artificer, Druid"
Thaumaturgy,Player's Handbook,Cantrip, 1 action,30 feet,V, Up to 1 minute,Cleric
Sword Burst,Tasha's Cauldron of Everything,Cantrip, 1 action,Self (5-foot radius),V, Instantaneous,"Artificer, Sorcerer, Warlock, Wizard"
Spare the Dying,Player's Handbook,Cantrip, 1 action,Touch,"V, S", Instantaneous,"Artificer, Cleric"
Shocking Grasp,Player's Handbook,Cantrip, 1 action,Touch,"V, S", Instantaneous,"Artificer, Sorcerer, Wizard"
Shillelagh,Player's Handbook,Cantrip, 1 bonus action,Touch,"V, S, M (mistletoe, a shamrock leaf, and a club or quarterstaff)", 1 minute,Druid
Shape Water,Xanathar's Guide to Everything,Cantrip, 1 action,30 feet,S, Instantaneous or 1 hour,"Druid, Sorcerer, Wizard"
Sapping Sting,Explorer's Guide to Wildemount,Cantrip, 1 action,30 feet,"V, S", Instantaneous,Wizard (Dunamancy)
Sacred Flame,Player's Handbook,Cantrip, 1 action,60 feet,"V, S", Instantaneous,Cleric
Resistance,Player's Handbook,Cantrip, 1 action,Touch,"V, S, M (a miniature cloak)"," Concentration, up to 1 minute","Artificer, Cleric, Druid"
Ray of Frost,Player's Handbook,Cantrip, 1 action,60 feet,"V, S", Instantaneous,"Artificer, Sorcerer, Wizard"
Produce Flame,Player's Handbook,Cantrip, 1 action,Self,"V, S", 10 minutes,Druid
Primal Savagery,Xanathar's Guide to Everything,Cantrip, 1 action,Self,S, Instantaneous,Druid
Prestidigitation,Player's Handbook,Cantrip, 1 action,10 feet,"V, S", Up to 1 hour,"Artificer, Bard, Sorcerer, Warlock, Wizard"
Poison Spray,Player's Handbook,Cantrip, 1 action,10 feet,"V, S", Instantaneous,"Artificer, Druid, Sorcerer, Warlock, Wizard"
Mold Earth,Xanathar's Guide to Everything,Cantrip, 1 action,30 feet,S, Instantaneous or 1 hour,"Druid, Sorcerer, Wizard"
Minor Illusion,Player's Handbook,Cantrip, 1 action,30 feet,"S, M (a bit of fleece)", 1 minute,"Bard, Sorcerer, Warlock, Wizard"
Mind Sliver,Tasha's Cauldron of Everything,Cantrip, 1 action,60 feet,V, 1 round,"Sorcerer, Warlock, Wizard"
Message,Player's Handbook,Cantrip, 1 action,120 feet,"V, S, M (a short piece of copper wire)", 1 round,"Artificer, Bard, Sorcerer, Wizard"
Mending,Player's Handbook,Cantrip, 1 minute,Touch,"V, S, M (two lodestones)", Instantaneous,"Artificer, Bard, Cleric, Druid, Sorcerer, Wizard"
Gust,Xanathar's Guide to Everything,Cantrip, 1 action,30 feet,"V, S", Instantaneous,"Druid, Sorcerer, Wizard"
Guidance,Player's Handbook,Cantrip, 1 action,Touch,"V, S"," Concentration, up to 1 minute","Artificer, Cleric, Druid"
Green-Flame Blade,Tasha's Cauldron of Everything/Sword Coast Adventurer's Guide,Cantrip, 1 action,Self (5-foot radius),"S, M (a melee weapon worth at least 1 sp)", Instantaneous,"Artificer, Sorcerer, Warlock, Wizard"
Frostbite,Xanathar's Guide to Everything,Cantrip, 1 action,60 feet,"V, S", Instantaneous,"Druid, Sorcerer, Warlock, Wizard, Artificer"
Friends,Player's Handbook,Cantrip, 1 action,Self,"S, M (a small amount of makeup applied to the face as this spell is cast)"," Concentration, up to 1 minute","Bard, Sorcerer, Warlock, Wizard"
