name,sourcebook,level,casttime,range,components
Acid Splash,Player's Handbook,Cantrip, 1 action,60 feet,"V, S"
Booming Blade,Tasha's Cauldron of Everything,Cantrip, 1 action,Self (5-foot radius),"S, M (a melee weapon worth at least 1 sp)"
Dancing Lights,Player's Handbook,Cantrip, 1 action,120 feet,"V, S, M (a bit of phosphorus or wychwood, or a glowworm)"
Chill Touch,Player's Handbook,Cantrip, 1 action,120 feet,"V, S"
Create Bonfire,Xanathar's Guide to Everything,Cantrip, 1 action,60 feet,"V, S"
Control Flames,Xanathar's Guide to Everything,Cantrip, 1 action,60 feet,S
Decompose (HB),Critical Role,Cantrip,),,
Eldritch Blast,Player's Handbook,Cantrip, 1 action,120 feet,"V, S"
Druidcraft,Player's Handbook,Cantrip, 1 action,30 feet,"V, S"
Blade Ward,Player's Handbook,Cantrip, 1 action,Self,"V, S"
Gust,Xanathar's Guide to Everything,Cantrip, 1 action,30 feet,"V, S"
Guidance,Player's Handbook,Cantrip, 1 action,Touch,"V, S"
Green-Flame Blade,Tasha's Cauldron of Everything/Sword Coast Adventurer's Guide,Cantrip, 1 action,Self (5-foot radius),"S, M (a melee weapon worth at least 1 sp)"
Frostbite,Xanathar's Guide to Everything,Cantrip, 1 action,60 feet,"V, S"
Friends,Player's Handbook,Cantrip, 1 action,Self,"S, M (a small amount of makeup applied to the face as this spell is cast)"
Bane,Player's Handbook,1, 1 action,30 feet,"V, S, M (a drop of blood)"
See Invisibility,Player's Handbook,2, 1 action,Self,"V, S, M (a pinch of talc and a small sprinkling of powdered silver)"
Scorching Ray,Player's Handbook,2, 1 action,120 feet,"V, S"
Ray of Enfeeblement,Player's Handbook,2, 1 action,60 feet,"V, S"
Rope Trick,Player's Handbook,2, 1 action,Touch,"V, S, M (powdered corn extract and a twisted loop of parchment)"
Rime's Binding Ice,Fizban's Treasury of Dragons,2, 1 Action,Self (30-foot cone),"S, M (a vial of meltwater)"
Pyrotechnics,Xanathar's Guide to Everything,2, 1 action,60 feet,"V, S"
Protection from Poison,Player's Handbook,2, 1 action,Touch,"V, S"
Aura of Vitality,Player's Handbook,3, 1 action,Self (30-foot radius),V
Counterspell,Player's Handbook,3," 1 reaction, which you take when you see a creature within 60 feet of you casting a spell",60 feet,S
Conjure Lesser Demon,Unearthed Arcana 11 - That Old Black Magic,3, 1 action,60 feet,"V, S, M (a vial of blood from an intelligent humanoid killed within the past 24 hours)"
Conjure Animals,Player's Handbook,3, 1 action,60 feet,"V, S"
Clairvoyance,Player's Handbook,3, 10 minutes,1 mile,"V, S, M (a focus worth at least 100 gp, either a jeweled horn for hearing or a glass eye for seeing)"
Conjure Barrage,Player's Handbook,3, 1 action,Self (60-foot cone),"V, S, M (one piece of ammunition or a thrown weapon)"
Catnap,Xanathar's Guide to Everything,3, 1 action,30 feet,"S, M (a pinch of sand)"
Call Lightning,Player's Handbook,3, 1 action,120 feet,"V, S"
Nondetection,Player's Handbook,3, 1 action,Touch,"V, S, M (a pinch of diamond dust worth 25 gp sprinkled over the target, which the spell consumes)"
Motivational Speech,Acquisitions Inc.,3, 1 minute,60 feet,V
Melf's Minute Meteors,Xanathar's Guide to Everything,3, 1 action,Self,"V, S, M (niter, sulfur, and pine tar formed into a bead)"
Meld into Stone,Player's Handbook,3, 1 action,Touch,"V, S"
Hypnotic Pattern,Player's Handbook,3, 1 action,120 feet,"S, M (a glowing stick of incense or a crystal vial filled with phosphorescent material)"
Mass Healing Word,Player's Handbook,3, 1 bonus action,60 feet,V
Major Image,Player's Handbook,3, 1 action,120 feet,"V, S, M (a bit of fleece)"
Magic Circle,Player's Handbook,3, 1 minute,10 feet,"V, S, M (holy water or powdered silver and iron worth at least 100 gp, which the spell consumes)"
Tongues,Player's Handbook,3, 1 action,Touch,"V, M (a small clay model of a ziggurat)"
Tidal Wave,Xanathar's Guide to Everything,3, 1 action,120 feet,"V, S, M (a drop of water)"
Conjure Barlgura (UA),Unearthed Arcana 11 - That Old Black Magic,4, 1 action,60 feet,"V, S"
Conjure Knowbot (UA),Unearthed Arcana 7 - Modern Magic,4, 1 action,Touch,"V, S"
Wall of Sand,Xanathar's Guide to Everything,3, 1 action,90 feet,"V, S, M (a handful of sand)"
Confusion,Player's Handbook,4, 1 action,90 feet,"V, S, M (three nut shells)"
Tiny Servant,Xanathar's Guide to Everything,3, 1 minute,Touch,"V, S"
Summon Undead,Tasha's Cauldron of Everything,3, 1 action,90 feet,"V, S, M (a gilded skull worth at least 300 gp)"
Compulsion,Player's Handbook,4, 1 action,30 feet,"V, S"
Thunder Step,Xanathar's Guide to Everything,3, 1 action,90 ft,V
Vampiric Touch,Player's Handbook,3, 1 action,Self,"V, S"
Charm Monster,Xanathar's Guide to Everything,4, 1 action,30 feet,"V, S"
Summon Shadowspawn,Tasha's Cauldron of Everything,3, 1 action,90 feet,"V, S, M (tears inside a crystal vial worth at least 300 gp)"
Banishment,Player's Handbook,4, 1 action,60 feet,"V, S, M (an item distasteful to the target)"
Blight,Player's Handbook,4, 1 action,30 feet,"V, S"
Aura of Purity,Player's Handbook,4, 1 action,Self (30-foot radius),V
Summon Aberration,Tasha's Cauldron of Everything,4, 1 action,90 feet,"V, S, M (a pickled tentacle and an eyeball in a platinum inlaid vial worth at least 400 gp)"
Storm Sphere,Xanathar's Guide to Everything,4, 1 action,150 feet,"V, S"
Wall of Thorns,Player's Handbook,6, 1 action,120 feet,"V, S, M (a handful of thorns)"
Wall of Ice,Player's Handbook,6, 1 action,120 feet,"V, S, M (a small piece of quartz)"
Prismatic Wall,Player's Handbook,9, 1 action,60 feet,"V, S"
Wish,Player's Handbook,9, 1 action,Self,V
Weird,Player's Handbook,9, 1 action,120 feet,"V, S"
True Resurrection,Player's Handbook,9, 1 hour,Touch,"V, S, M (a sprinkle of holy water and diamonds worth at least 25,000 gp, which the spell consumes)"
Storm of Vengeance,Player's Handbook,9, 1 action,Sight,"V, S"
True Polymorph,Player's Handbook,9, 1 action,30 feet,"V, S, M (a drop of mercury, a dollop of gum arabic, and a wisp of smoke)"
Time Ravage,Explorer's Guide to Wildemount,9, 1 action,90 feet,"V, S, M (an hourglass filled with diamond dust worth at least 5,000 gp, which the spell consumes)"
Time Stop,Player's Handbook,9, 1 action,Self,V
Shapechange,Player's Handbook,9, 1 action,Self,"V, S, M (a jade circlet worth at least 1,500 gp, which you must place on your head before you cast the spell)"
Psychic Scream,Xanathar's Guide to Everything,9, 1 action,90 feet,S
Meteor Swarm,Player's Handbook,9, 1 action,1 mile,"V, S"
Mass Polymorph,Xanathar's Guide to Everything,9, 1 Action,120 feet,"V, S, M (a caterpillar cocoon)"
Mass Heal,Player's Handbook,9, 1 action,60 feet,"V, S"
Invulnerability,Xanathar's Guide to Everything,9, 1 action,Self,"V, S, M (a small piece of adamantine worth at least 500 gp, which the spell consumes)"
Imprisonment,Player's Handbook,9, 1 minute,30 feet,"V, S, M (a vellum depiction or a carved statuette in the likeness of the target, and a special component that varies according to the version of the spell you choose, worth at least 500 gp per Hit Die of the target)"
Foresight,Player's Handbook,9, 1 minute,Touch,"V, S, M (a hummingbird feather)"
Astral Projection,Player's Handbook,9, 1 hour,10 feet,"V, S, M (for each creature you affect with this spell, you must provide one jacinth worth at least 1,000 gp and one ornately carved bar of silver worth at least 100 gp, all of which the spell consumes)"
Blade of Disaster,Tasha's Cauldron of Everything,9, 1 bonus action,60 feet,"V, S"
Gate,Player's Handbook,9, 1 action,60 feet,"V, S, M (a diamond worth at least 5,000 gp)"
Tsunami,Player's Handbook,8, 1 minute,Sight,"V, S"
Ravenous Void,Explorer's Guide to Wildemount,9, 1 action,"1,000 feet","V, S, M (a small, nine-pointed star made of iron)"
Telepathy,Player's Handbook,8, 1 action,Unlimited,"V, S, M (a pair of linked silver rings)"
Power Word: Heal,Player's Handbook,9, 1 action,Touch,"V, S"
Power Word: Kill,Player's Handbook,9, 1 action,60 feet,V
Sunburst,Player's Handbook,8, 1 action,150 feet,"V, S, M (fire and a piece of sunstone)"
Reality Break,Explorer's Guide to Wildemount,8, 1 action,60 feet,"V, S, M (a crystal prism)"
Mind Blank,Player's Handbook,8, 1 action,Touch,"V, S"
Maze,Player's Handbook,8, 1 action,60 feet,"V, S"
Mighty Fortress,Xanathar's Guide to Everything,8, 1 minute,1 mile,"V, S, M (a diamond worth at least 500 gp, which the spell consumes)"
Maddening Darkness,Xanathar's Guide to Everything,8, 1 action,150 feet,"V, M (a drop of pitch mixed with a drop of mercury)"
Incendiary Cloud,Player's Handbook,8, 1 action,150 feet,"V, S"
Illusory Dragon,Xanathar's Guide to Everything,8, 1 action,120 feet,S
Holy Aura,Player's Handbook,8, 1 action,Self,"V, S, M (a tiny reliquary worth at least 1,000 gp containing a sacred relic, such as a scrap of cloth from a saint’s robe or a piece of parchment from a religious text)"
Glibness,Player's Handbook,8, 1 action,Self,V
Feeblemind,Player's Handbook,8, 1 action,150 feet,"V, S, M (a handful of clay, crystal, glass, or mineral spheres)"
Earthquake,Player's Handbook,8, 1 action,500 feet,"V, S, M (a pinch of dirt, a piece of rock, and a lump of clay)"
Dominate Monster,Player's Handbook,8, 1 action,60 feet,"V, S"
Demiplane,Player's Handbook,8, 1 action,60 feet,S
Power Word: Stun,Player's Handbook,8, 1 action,60 feet,"V, S"
Clone,Player's Handbook,8, 1 hour,Touch,"V, S, M (a diamond worth at least 1000 gp and at least 1 cubic inch of flesh of the creature that is to be cloned, which the spell consumes. A vessel worth at least 2000 gp that has a sealable lid and is large enough to hold the creature being cloned, such as a huge urn, coffin, mud-filled cyst in the ground, or crystal container filled with salt water)"
Dark Star,Explorer's Guide to Wildemount,8, 1 action,150 feet,"V, S, M (a shard of onyx and a drop of the caster's blood, both of which the spell consumes)"
Control Weather,Player's Handbook,8, 10 minutes,Self (5-mile radius),"V, S, M (burning incense and bits of earth and wood mixed in water)"
Antipathy/Sympathy,Player's Handbook,8, 1 hour,60 feet,"V, S, M (either a lump of alum soaked in vinegar for the antipathy effect or a drop of honey for the sympathy effect)"
Antimagic Field,Player's Handbook,8, 1 action,Self (10-foot-radius sphere),"V, S M (a pinch of powdered iron or iron filings)"
Animal Shapes,Player's Handbook,8, 1 action,30 feet,"V, S"
Whirlwind,Xanathar's Guide to Everything,7, 1 action,300 feet,"V, M (a piece of straw)"
Abi-Dalzim's Horrid Wilting,Xanathar's Guide to Everything,8, 1 action,150 feet,"V, S, M (a bit of sponge)"
Teleport,Player's Handbook,7, 1 action,10 feet,V
Tether Essence,Explorer's Guide to Wildemount,7, 1 action,60 feet,"V, S, M (a spool of platinum cord worth at least 250 gp, which the spell consumes)"
Symbol,Player's Handbook,7, 1 minute,Touch,"V, S, M (mercury, phosphorus, and powdered diamond and opal with a total value of at least 1,000 gp, which the spell consumes)"
Temple of the Gods,Xanathar's Guide to Everything,7, 1 hour,120 feet,"V, S, M (a holy symbol worth at least 5 gp)"
Simulacrum,Player's Handbook,7, 12 hours,Touch,"V, S, M (snow or ice in quantities sufficient to made a life-size copy of the duplicated creature; some hair, fingernail clippings, or other piece of that creature’s body placed inside the snow or ice; and powdered ruby worth 1,500 gp, sprinkled over the duplicate and consumed by the spell)"
Sequester,Player's Handbook,7, 1 action,Touch,"V, S, M (a powder composed of diamond, emerald, ruby, and sapphire dust worth at least 5,000 gp, which the spell consumes)"
Resurrection,Player's Handbook,7, 1 hour,Touch,"V, S, M (a diamond worth at least 1,000 gp, which the spell consumes)"
Prismatic Spray,Player's Handbook,7, 1 action,Self (60-foot cone),"V, S"
Reverse Gravity,Player's Handbook,7, 1 action,100 feet,"V, S, M (a lodestone and iron filings)"
Regenerate,Player's Handbook,7, 1 minute,Touch,"V, S, M (a prayer wheel and holy water)"
Project Image,Player's Handbook,7, 1 action,500 miles,"V, S, M (a small replica of you made from materials worth at least 5 gp)"
Plane Shift,Player's Handbook,7, 1 action,Touch,"V, S, M (a forked, metal rod worth at least 250 gp, attuned to a particular plane of existence)"
Mordenkainen's Sword,Player's Handbook,7, 1 action,60 feet,"V, S, M (a miniature platinum sword with a grip and pommel of copper and zinc, worth 250 gp)"
Mirage Arcane,Player's Handbook,7, 10 minutes,Sight,"V, S"
Forcecage,Player's Handbook,7, 1 action,100 feet,"V, S, M (ruby dust worth 1,500 gp)"
Fire Storm,Player's Handbook,7, 1 action,150 feet,"V, S"
Mordenkainen's Magnificent Mansion,Player's Handbook,7, 1 minute,300 feet,"V, S, M (a miniature portal carved from ivory, a small piece of polished marble, and a tiny silver spoon, each item worth at least 5 gp)"
Etherealness,Player's Handbook,7, 1 action,Self,"V, S"
Finger of Death,Player's Handbook,7, 1 action,60 feet,"V, S"
Dream of the Blue Veil,Tasha's Cauldron of Everything,7, 10 minutes,20 feet,"V, S, M (a magic item or a willing creature from the destination world)"
Draconic Transformation,Fizban's Treasury of Dragons,7, 1 Bonus Action,Self,"V, S, M (a statuette of a dragon, worth at least 500 gp)"
Create Magen,Icewind Dale - Rime of the Frostmaiden,7, 1 hour,Touch,"V, S, M (a vial of quicksilver worth 500 gp and a life-sized human doll, both of which the spell consumes, and an intricate crystal rod worth at least 1,500 gp that is not consumed)"
Divine Word,Player's Handbook,7, 1 bonus action,30 feet,V
Power Word: Pain,Xanathar's Guide to Everything,7, 1 action,60 feet,V
Delayed Blast Fireball,Player's Handbook,7, 1 action,150 feet,"V, S, M (a tiny ball of bat guano and sulfur)"
Crown Of Stars,Xanathar's Guide to Everything,7, 1 action,Self,"V, S"
Word of Recall,Player's Handbook,6, 1 action,5 feet,V
Conjure Hezrou (UA),Unearthed Arcana 11 - That Old Black Magic,7, 1 action,60 feet,"V, S, M (food worth at least 100 gp, which the spell consumes)"
Conjure Celestial,Player's Handbook,7, 1 minute,90 feet,"V, S"
True Seeing,Player's Handbook,6, 1 action,Touch,"V, S, M (an ointment for the eyes that costs 25 gp; is made from mushroom powder, saffron, and fat; and is consumed by the spell)"
Wind Walk,Player's Handbook,6, 1 minute,30 feet,"V, S, M (fire and holy water)"
Transport via Plants,Player's Handbook,6, 1 action,10 feet,"V, S"
Tenser's Transformation,Xanathar's Guide to Everything,6, 1 action,Self,"V, S, M (a few hairs from a bull)"
Tasha's Otherworldly Guise,Tasha's Cauldron of Everything,6, 1 bonus action,Self,"V, S, M (an object engraved with a symbol of the Outer Planes, worth at least 500 gp)"
Sunbeam,Player's Handbook,6, 1 action,Self (60-foot line),"V, S, M (a magnifying glass)"
Summon Fiend,Tasha's Cauldron of Everything,6, 1 action,90 feet,"V, S, M (humanoid blood inside a ruby vial worth at least 600 gp)"
Soul Cage,Xanathar's Guide to Everything,6," 1 reaction, which you take when a humanoid you can see within 60 feet of you dies",60 feet,"V, S, M (a tiny silver cage worth 100 gp)"
Scatter,Xanathar's Guide to Everything,6, 1 action,30 feet,V
Psychic Crush (UA),"Unearthed Arcana 66 - Fighter, Rogue, and Wizard",6, 1 action,60 feet,"V, S"
Programmed Illusion,Player's Handbook,6, 1 action,120 feet,"V, S, M (a bit of fleece and jade dust worth at least 25 gp)"
Primordial Ward,Xanathar's Guide to Everything,6, 1 action,Self,"V, S"
Planar Ally,Player's Handbook,6, 1 action,60 feet,"V, S"
Otto's Irresistible Dance,Player's Handbook,6, 1 action,30 feet,V
Otiluke's Freezing Sphere,Player's Handbook,6, 1 action,300 feet,"V, S, M (a small crystal sphere)"
Move Earth,Player's Handbook,6, 1 action,120 feet,"V, S, M (an iron blade and a small bag containing a mixture of soils – clay, loam, and sand)"
Otherworldly Form (UA),Unearthed Arcana 70 - Spells and Magic Tattoos,6, 1 action,Self,"V, S, M (an object engraved with a symbol of the Outer Planes, worth at least 500 gp)"
Mental Prison,Xanathar's Guide to Everything,6, 1 action,60 feet,S
Mass Suggestion,Player's Handbook,6, 1 action,60 feet,"V, M (a snake’s tongue and either a bit of honeycomb or a drop of sweet oil)"
Magic Jar,Player's Handbook,6, 1 minute,Self,"V, S, M (a gem, crystal, reliquary, or some other ornamental container worth at least 500 gp)"
Investiture of Wind,Xanathar's Guide to Everything,6, 1 action,Self,"V, S"
Investiture of Stone,Xanathar's Guide to Everything,6, 1 action,Self,"V, S"
Investiture of Ice,Xanathar's Guide to Everything,6, 1 action,Self,"V, S"
Investiture of Flame,Xanathar's Guide to Everything,6, 1 action,Self,"V, S"
Heal,Player's Handbook,6, 1 action,60 feet,"V, S"
Heroes' Feast,Player's Handbook,6, 10 minutes,30 feet,"V, S, M (a gem-encrusted bowl worth at least 1,000 gp, which the spell consumes)"
Harm,Player's Handbook,6, 1 action,60 feet,"V, S"
Guards and Wards,Player's Handbook,6, 10 minutes,Touch,"V, S, M (burning incense, a small measure of brimstone and oil, a knotted string, a small amount of umber hulk blood, and a small silver rod worth at least 10 gp)"
Gravity Fissure,Explorer's Guide to Wildemount,6, 1 action,Self (100-foot line),"V, S, M (a fistful of iron filings)"
Globe of Invulnerability,Player's Handbook,6, 1 action,Self (10-foot radius),"V, S, M (a glass or crystal bead that shatters when the spell ends)"
Forbiddance,Player's Handbook,6, 10 minutes,Touch,"V, S, M (a sprinkling of holy water, rare incense, and powdered ruby worth at least 1,000 gp)"
Druid Grove,Xanathar's Guide to Everything,6, 10 minutes,Touch,"V, S, M (mistletoe, which the spell consumes, that was harvested with a golden sickle under the light of a full moon)"
Eyebite,Player's Handbook,6, 1 action,Self,"V, S"
Find the Path,Player's Handbook,6, 1 minute,Self,"V, S, M (a set of divinatory tools – such as bones, ivory sticks, cards, teeth, or carved runes – worth 100 gp, and an object from the location you wish to find)"
Flesh to Stone,Player's Handbook,6, 1 action,60 feet,"V, S, M (a pinch of lime, water, and earth)"
Fizban's Platinum Shield,Fizban's Treasury of Dragons,6, 1 Bonus Action,60ft,"V, S, M (a platinum-plated dragon scale, worth at least 500 gp)"
Drawmij's Instant Summons,Player's Handbook,6, 1 minute,Touch,"V, S, M (a sapphire worth 1,000 gp)"
Disintegrate,Player's Handbook,6, 1 action,60 feet,"V, S, M (a lodestone and a pinch of dust)"
Create Undead,Player's Handbook,6, 1 minute,10 feet,"V, S, M (one clay pot filled with grave dirt, one clay pot filled with brackish water, and one 150 gp black onyx stone for each corpse)"
Contingency,Player's Handbook,6, 10 minutes,Self,"V, S, M (a statuette of yourself carved from ivory and decorated with gems worth at least 1,500 gp)"
Blade Barrier,Player's Handbook,6, 1 action,90 feet,"V, S"
Arcane Gate,Player's Handbook,6, 1 action,500 feet,"V, S"
Wrath Of Nature,Xanathar's Guide to Everything,5, 1 action,120 feet,"V, S"
Wall Of Light,Xanathar's Guide to Everything,5, 1 action,120 feet,"V, S, M (a hand mirror)"
Wall of Force,Player's Handbook,5, 1 action,120 feet,"V, S, M (a pinch of powder made by crushing a clear gemstone)"
Wall of Stone,Player's Handbook,5, 1 action,120 feet,"V, S, M (a small block of granite)"
Circle of Death,Player's Handbook,6, 1 action,150 feet,"V, S, M (the powder of a crushed black pearl worth at least 500 gp)"
Bones of the Earth,Xanathar's Guide to Everything,6, 1 action,120 feet,"V, S"
Create Homunculus,Xanathar's Guide to Everything,6, 1 hour,Touch,"V, S, M (clay, ash, and mandrake root, all of which the spell consumes, and a jewel-encrusted dagger worth at least 1,000 gp)"
Tree Stride,Player's Handbook,5, 1 action,Self,"V, S"
Transmute Rock,Xanathar's Guide to Everything,5, 1 action,120 feet,"V, S, M (clay and water)"
Temporal Shunt,Explorer's Guide to Wildemount,5," 1 reaction, taken when a creature you see makes an attack roll or starts to cast a spell",120 feet,"V, S"
Teleportation Circle,Player's Handbook,5, 1 minute,10 feet,"V, M (rare chalks and inks infused with precious gems worth 50 gp, which the spell consumes)"
Chain Lightning,Player's Handbook,6, 1 action,150 feet,"V, S, M (a bit of fur; a piece of amber, glass, or a crystal rod; and three silver pins)"
Telekinesis,Player's Handbook,5, 1 action,60 feet,"V, S"
Conjure Fey,Player's Handbook,6, 1 action,90 feet,"V, S"
Synaptic Static,Xanathar's Guide to Everything,5, 1 action,120 feet,"V, S"
Scrying,Player's Handbook,5, 10 minutes,Self,"V, S, M (a focus worth at least 1,000 gp, such as a crystal ball, a silver mirror, or a font filled with holy water)"
Summon Draconic Spirit,Fizban's Treasury of Dragons,5, 1 Action,60ft,"V, S, M (an object with the image of a dragon engraved on it, worth at least 500 gp)"
Summon Celestial,Tasha's Cauldron of Everything,5, 1 action,90 feet,"V, S, M (a golden reliquary worth at least 500 gp)"
Swift Quiver,Player's Handbook,5, 1 bonus action,Touch,"V, S, M (a quiver containing at least one piece of ammunition)"
Steel Wind Strike,Xanathar's Guide to Everything,5, 1 action,30 feet,"S, M (a melee weapon worth at least 1 sp)"
Skill Empowerment,Xanathar's Guide to Everything,5, 1 action,Touch,"V, S"
Shutdown (UA),Unearthed Arcana 7 - Modern Magic,5, 1 action,120 feet,"V, S"
Seeming,Player's Handbook,5, 1 action,30 feet,"V, S"
Reincarnate,Player's Handbook,5, 1 hour,Touch,"V, S, M (rare oils and unguents worth at least 1,000 gp, which the spell consumes)"
Planar Binding,Player's Handbook,5, 1 hour,60 feet,"V, S, M (a jewel worth at least 1,000 gp, which the spell consumes)"
Modify Memory,Player's Handbook,5, 1 action,30 feet,"V, S"
Mass Cure Wounds,Player's Handbook,5, 1 action,60 feet,"V, S"
Legend Lore,Player's Handbook,5, 10 minutes,Self,"V, S, M (incense worth at least 250 gp, which the spell consumes, and four ivory strips worth at least 50 gp each)"
Maelstrom,Xanathar's Guide to Everything,5, 1 action,120 feet,"V, S, M (paper or leaf in the shape of a funnel)"
Insect Plague,Player's Handbook,5, 1 action,300 feet,"V, S, M (a few grains of sugar, some kernels of grain, and a smear of fat)"
Infernal Calling,Xanathar's Guide to Everything,5, 1 minute,90 feet,"V, S, M (a ruby worth at least 999 gp)"
Immolation,Xanathar's Guide to Everything,5, 1 action,90 feet,V
Raise Dead,Player's Handbook,5, 1 hour,Touch,"V, S, M (a diamond worth at least 500 gp, which the spell consumes)"
Rary's Telepathic Bond,Player's Handbook,5, 1 action,30 feet,"V, S, M (pieces of eggshell from two different kinds of creatures)"
Passwall,Player's Handbook,5, 1 action,30 feet,"V, S, M (a pinch of sesame seeds)"
Holy Weapon,Xanathar's Guide to Everything,5, 1 bonus action,Touch,"V, S"
Greater Restoration,Player's Handbook,5, 1 action,Touch,"V, S, M (diamond dust worth at least 100 gp, which the spell consumes)"
Mislead,Player's Handbook,5, 1 action,Self,S
Geas,Player's Handbook,5, 1 minute,60 feet,V
Hallow,Player's Handbook,5, 24 hours,Touch,"V, S, M (herbs, oils, and incense worth at least 1,000 gp, which the spell consumes)"
Hold Monster,Player's Handbook,5, 1 action,90 feet,"V, S, M (a small, straight piece of iron)"
Far Step,Xanathar's Guide to Everything,5, 1 bonus action,Self,V
Flame Strike,Player's Handbook,5, 1 action,60 feet,"V, S, M (pinch of sulfur)"
Negative Energy Flood,Xanathar's Guide to Everything,5, 1 action,60 feet,"V, M (a broken bone and a square of black silk)"
Enervation,Xanathar's Guide to Everything,5, 1 action,60 feet,"V, S"
Dominate Person,Player's Handbook,5, 1 action,60 feet,"V, S"
Dispel Evil and Good,Player's Handbook,5, 1 action,Self,"V, S, M (holy water or powdered silver and iron)"
Dream,Player's Handbook,5, 1 minute,Special,"V, S, M (a handful of sand, a dab of ink, and a writing quill plucked from a sleeping bird)"
Destructive Wave,Player's Handbook,5, 1 action,Self (30-foot radius),V
Dawn,Xanathar's Guide to Everything,5, 1 action,60 feet,"V, S, M (a sunburst pendant worth at least 100 gp)"
Danse Macabre,Xanathar's Guide to Everything,5, 1 action,60 feet,"V, S"
Creation,Player's Handbook,5, 1 minute,30 feet,"V, S, M (a tiny piece of matter of the same type of the item you plan to create)"
Control Winds,Xanathar's Guide to Everything,5, 1 action,300 feet,"V, S"
Contagion,Player's Handbook,5, 1 action,Touch,"V, S"
Conjure Vrock (UA),Unearthed Arcana 11 - That Old Black Magic,5, 1 action,60 feet,"V, S, M (a gem worth at least 100 gp, which the spell consumes)"
Conjure Volley,Player's Handbook,5, 1 action,150 feet,"V, S, M (one piece of ammunition or one thrown weapon)"
Conjure Elemental,Player's Handbook,5, 1 minute,90 feet,"V, S, M (burning incense for air, soft clay for earth, sulfur and phosphorus for fire, or water and sand for water)"
Contact Other Plane,Player's Handbook,5, 1 minute,Self,V
Commune,Player's Handbook,5, 1 minute,Self,"V, S, M (incense and a vial of holy or unholy water)"
Cloudkill,Player's Handbook,5, 1 action,120 feet,"V, S"
Cone of Cold,Player's Handbook,5, 1 action,Self (60-foot cone),"V, S, M (a small crystal or glass cone)"
Commune with City (UA),Unearthed Arcana 7 - Modern Magic,5, 1 minute,Self,"V, S"
Circle of Power,Player's Handbook,5, 1 action,Self (30-foot radius),V
Commune with Nature,Player's Handbook,5, 1 minute,Self,"V, S"
Bigby's Hand,Player's Handbook,5, 1 action,120 feet,"V, S, M (an eggshell and a snakeskin glove)"
Antilife Shell,Player's Handbook,5, 1 action,Self (10-foot radius),"V, S"
Banishing Smite,Player's Handbook,5, 1 bonus action,Self,V
Awaken,Player's Handbook,5, 8 hours,Touch,"V, S, M (an agate worth at least 1,000 gp, which the spell consumes)"
Wall of Fire,Player's Handbook,4, 1 action,120 feet,"V, S, M (a small piece of phosphorus)"
Animate Objects,Player's Handbook,5, 1 action,120 feet,"V, S"
Watery Sphere,Xanathar's Guide to Everything,4, 1 action,90 feet,"V, S, M (a droplet of water)"
Vitriolic Sphere,Xanathar's Guide to Everything,4, 1 action,150 feet,"V, S, M (a drop of giant slug bile)"
System Backdoor (UA),Unearthed Arcana 7 - Modern Magic,4, 1 minute,Self,"V, S, M (hacking tools)"
Synchronicity (UA),Unearthed Arcana 7 - Modern Magic,4, 1 action,Touch,"V, S"
Summon Elemental,Tasha's Cauldron of Everything,4, 1 action,90 feet,"V, S, M (air, a pebble, ash, and water inside a gold-inlaid vial worth at least 400 gp)"
Summon Construct,Tasha's Cauldron of Everything,4, 1 action,90 feet,"V, S, M (an ornate stone and metal lockbox worth at least 400 gp)"
Stoneskin,Player's Handbook,4, 1 action,Touch,"V, S, M (diamond dust worth 100 gp, which the spell consumes)"
Summon Greater Demon,Xanathar's Guide to Everything,4, 1 action,60 feet,"V, S, M (a vial of blood from a humanoid killed within the past 24 hours)"
Staggering Smite,Player's Handbook,4, 1 bonus action,Self,V
Sickening Radiance,Xanathar's Guide to Everything,4, 1 action,120 feet,"V, S"
Stone Shape,Player's Handbook,4, 1 action,Touch,"V, S, M (soft clay, which must be worked into roughly the desired shape of the stone object)"
Shadow Of Moil,Xanathar's Guide to Everything,4, 1 action,Self,"V, S, M (an undead eyeball encased in a gem worth at least 150 gp)"
Raulothim's Psychic Lance,Fizban's Treasury of Dragons,4, 1 Action,120ft,V
Polymorph,Player's Handbook,4, 1 action,60 feet,"V, S, M (a caterpillar cocoon)"
Phantasmal Killer,Player's Handbook,4, 1 action,120 feet,"V, S"
Mordenkainen's Private Sanctum,Player's Handbook,4, 1 action,120 feet,"V, S, M (a thin sheet of lead, a piece of opaque glass, a wad of cotton or cloth, and powdered chrysolite)"
Otiluke's Resilient Sphere,Player's Handbook,4, 1 action,30 feet,"V, S, M (a hemispherical piece of clear crystal and a matching hemispherical piece of gum arabic)"
Locate Creature,Player's Handbook,4, 1 action,Self,"V, S, M (a bit of fur from a bloodhound)"
Mordenkainen's Faithful Hound,Player's Handbook,4, 1 action,30 feet,"V, S, M (a tiny silver whistle, a piece of bone, and a thread)"
Leomund's Secret Chest,Player's Handbook,4, 1 action,Touch,"V, S, M (an exquisite chest, 3 feet by 2 feet by 2 feet, constructed from rare materials worth at least 5,000 gp, and a Tiny replica made from the same materials worth at least 50 gp)"
Ice Storm,Player's Handbook,4, 1 action,300 feet,"V, S, M (a pinch of dust and a few drops of water)"
Guardian of Nature,Xanathar's Guide to Everything,4, 1 bonus action,Self,V
Guardian of Faith,Player's Handbook,4, 1 action,30 feet,V
Gravity Sinkhole,Explorer's Guide to Wildemount,4, 1 action,120 feet,"V, S, M (a black marble)"
Grasping Vine,Player's Handbook,4, 1 bonus action,30 feet,"V, S"
Greater Invisibility,Player's Handbook,4, 1 action,Touch,"V, S"
Giant Insect,Player's Handbook,4, 1 action,30 feet,"V, S"
Galder's Speedy Courier,Lost Laboratory of Kwalish,4, 1 action,10 feet,"V, S, M (25 gold pieces, or mineral goods of equivalent value, which the spell consumes)"
Evard's Black Tentacles,Player's Handbook,4, 1 action,90 feet,"V, S, M (a piece of tentacle from a giant octopus or a giant squid)"
Find Greater Steed,Xanathar's Guide to Everything,4, 10 minutes,30 feet,"V, S"
Fabricate,Player's Handbook,4, 10 minutes,120 feet,"V, S"
Fire Shield,Player's Handbook,4, 1 action,Self,"V, S, M (a bit of phosphorus or a firefly)"
Freedom of Movement,Player's Handbook,4, 1 action,Touch,"V, S, M (a leather strap, bound around the arm or a similar appendage)"
Elemental Bane,Xanathar's Guide to Everything,4, 1 action,90 feet,"V, S"
Ego Whip (UA),"Unearthed Arcana 66 - Fighter, Rogue, and Wizard",4, 1 action,30 feet,V
Hallucinatory Terrain,Player's Handbook,4, 10 minutes,300 feet,"V, S, M (a stone, a twig, and a bit of green plant)"
Death Ward,Player's Handbook,4, 1 action,Touch,"V, S"
Dominate Beast,Player's Handbook,4, 1 action,60 feet,"V, S"
Divination,Player's Handbook,4, 1 action,Self,"V, S, M (incense and a sacrificial offering appropriate to your religion, together worth at least 25 gp, which the spell consumes)"
Control Water,Player's Handbook,4, 1 action,300 feet,"V, S, M (a drop of water and a pinch of dust)"
Dimension Door,Player's Handbook,4, 1 action,500 feet,V
Conjure Shadow Demon (UA),Unearthed Arcana 11 - That Old Black Magic,4, 1 action,60 feet,"V, S, M (a vial of blood from an intelligent humanoid killed within the past 24 hours)"
Conjure Woodland Beings,Player's Handbook,4, 1 action,60 feet,"V, S, M (one holly berry per creature summoned)"
Conjure Minor Elementals,Player's Handbook,4, 1 minute,90 feet,"V, S"
Aura of Life,Player's Handbook,4, 1 action,Self (30-foot radius),V
Wind Wall,Player's Handbook,3, 1 action,120 feet,"V, S, M (a tiny fan and a feather of exotic origin)"
Arcane Eye,Player's Handbook,4, 1 action,30 feet,"V, S, M (a bit of bat fur)"
Water Walk,Player's Handbook,3, 1 action,30 feet,"V, S, M (a piece of cork)"
Water Breathing,Player's Handbook,3, 1 action,30 feet,"V, S, M (a short reed or piece of straw)"
Summon Lesser Demons,Xanathar's Guide to Everything,3, 1 action,60 feet,"V, S, M (a vial of blood from a humanoid killed within the past 24 hours)"
Wall of Water,Xanathar's Guide to Everything,3, 1 action,60 feet,"V, S, M (a drop of water)"
Summon Fey,Tasha's Cauldron of Everything,3, 1 action,90 feet,"V, S, M (a gilded flower worth at least 300 gp)"
Spirit Guardians,Player's Handbook,3, 1 action,Self (15-foot-radius),"V, S, M (a holy symbol)"
Spirit Shroud,Tasha's Cauldron of Everything,3, 1 bonus action,Self,"V, S"
Speak with Plants,Player's Handbook,3, 1 action,Self (30-foot radius),"V, S"
Speak with Dead,Player's Handbook,3, 1 action,10 feet,"V, S, M (burning incense)"
Stinking Cloud,Player's Handbook,3, 1 action,90 feet,"V, S, M (a rotten egg or several skunk cabbage leaves)"
Sleet Storm,Player's Handbook,3, 1 action,120 feet,"V, S, M (a pinch of dust and a few drops of water)"
Sending,Player's Handbook,3, 1 action,Unlimited,"V, S, M (a short piece of fine copper wire)"
Slow,Player's Handbook,3, 1 action,120 feet,"V, S, M (a drop of molasses)"
Remove Curse,Player's Handbook,3, 1 action,Touch,"V, S"
Revivify,Player's Handbook,3, 1 action,Touch,"V, S, M (diamonds worth 300 gp, which the spell consumes)"
Psionic Blast (UA),"Unearthed Arcana 66 - Fighter, Rogue, and Wizard",3, 1 action,Self (30-foot cone),V
Pulse Wave,Explorer's Guide to Wildemount,3, 1 action,Self (30-foot cone),"V, S"
Protection from Energy,Player's Handbook,3, 1 action,Touch,"V, S"
Protection from Ballistics (UA),Unearthed Arcana 7 - Modern Magic,3, 1 action,Touch,"V, S, M (a shell casing)"
Plant Growth,Player's Handbook,3, 1 action or 8 hours,150 feet,"V, S"
Lightning Arrow,Player's Handbook,3, 1 bonus action,Self,"V, S"
Phantom Steed,Player's Handbook,3, 1 action,30 feet,"V, S"
Lightning Bolt,Player's Handbook,3, 1 action,Self (100-foot line),"V, S, M (a bit of fur and a rod of amber, crystal, or glass)"
Life Transference,Xanathar's Guide to Everything,3, 1 action,30 feet,"V, S"
Leomund's Tiny Hut,Player's Handbook,3, 1 minute,Self (10-foot-radius hemisphere),"V, S, M (a small crystal bead)"
Incite Greed,Acquisitions Inc.,3, 1 action,30 feet,"V, S, M (a gem worth at least 50 gp)"
Invisibility To Cameras (UA),Unearthed Arcana 7 - Modern Magic,3, 1 action,10 feet,"V, S, M (a scrap of black paper)"
Intellect Fortress,Tasha's Cauldron of Everything,3, 1 action,30 feet,V
Gaseous Form,Player's Handbook,3, 1 action,Touch,"V, S, M (a bit of gauze and a wisp of smoke)"
Hunger Of Hadar,Player's Handbook,3, 1 action,150 feet,"V, S, M (a pickled octopus tentacle)"
Haste,Player's Handbook,3, 1 action,30 feet,"V, S, M (a shaving of licorice root)"
Glyph of Warding,Player's Handbook,3, 1 hour,Touch,"V, S, M (incense and powdered diamond worth at least 200 gp, which the spell consumes)"
Fly,Player's Handbook,3, 1 action,Touch,"V, S, M (a wing feather from any bird)"
Flame Stride (UA),Unearthed Arcana 78 - Draconic Options,3, 1 bonus action,Self,"V, S"
Feign Death,Player's Handbook,3, 1 action,Touch,"V, S, M (a pinch of graveyard dirt)"
Galder's Tower,Lost Laboratory of Kwalish,3, 10 minutes,30 feet,"V, S, M (a fragment of stone, wood, or other building material)"
Fear,Player's Handbook,3, 1 action,Self (30-foot cone),"V, S, M (a white feather or the heart of a hen)"
Flame Arrows,Xanathar's Guide to Everything,3, 1 action,Touch,"V, S"
Fireball,Player's Handbook,3, 1 action,150 feet,"V, S, M (a tiny ball of bat guano and sulfur)"
Fast Friends,Acquisitions Inc.,3, 1 action,30 feet,V
Erupting Earth,Xanathar's Guide to Everything/Elemental Evil Player's Companion,3, 1 action,120 feet,"V, S, M (a piece of obsidian)"
Enemies Abound,Xanathar's Guide to Everything,3, 1 action,120 feet,"V, S"
Elemental Weapon,Player's Handbook,3, 1 action,Touch,"V, S"
Dispel Magic,Player's Handbook,3, 1 action,120 feet,"V, S"
Daylight,Player's Handbook,3, 1 action,60 feet,"V, S"
Crusader's Mantle,Player's Handbook,3, 1 action,Self,V
Create Food and Water,Player's Handbook,3, 1 action,30 feet,"V, S"
Blink,Player's Handbook,3, 1 action,Self,"V, S"
Blinding Smite,Player's Handbook,3, 1 bonus action,Self,V
Ashardalon's Stride,Fizban's Treasury of Dragons,3, 1 bonus action,Self,"V,S"
Bestow Curse,Player's Handbook,3, 1 action,Touch,"V, S"
Animate Dead,Player's Handbook,3, 1 minute,10 feet,"V, S, M (a drop of blood, a piece of flesh, and a pinch of bone dust)"
Beacon of Hope,Player's Handbook,3, 1 action,30 feet,"V, S"
Wither and Bloom,Strixhaven: A Curriculum of Chaos,2, 1 action,60 feet,"V, S, M (a withered vine twisted into a loop)"
Zone of Truth,Player's Handbook,2, 1 action,60 feet,"V, S"
Wristpocket,Explorer's Guide to Wildemount,2, 1 action,Self,S
Warding Wind,Xanathar's Guide to Everything,2, 1 action,Self,V
Web,Player's Handbook,2, 1 action,60 feet,"V, S, M (a bit of spiderweb)"
Warding Bond,Player's Handbook,2, 1 action,Touch,"V, S, M (a pair of platinum rings worth at least 50 gp each, which you and target must wear for the duration)"
Tasha's Mind Whip,Tasha's Cauldron of Everything,2, 1 action,90 feet,V
Vortex Warp,Strixhaven: A Curriculum of Chaos,2, 1 action,90 feet,"V, S"
Thought Shield (UA),"Unearthed Arcana 66 - Fighter, Rogue, and Wizard",2, 1 action,Touch,"V, S"
Summon Beast,Tasha's Cauldron of Everything,2, 1 action,90 feet,"V, S, M (a feather, tuft of fur, and fish tail inside a gilded acorn worth at least 200 gp)"
Suggestion,Player's Handbook,2, 1 action,30 feet,"V, M (a snake’s tongue and either a bit of honeycomb or a drop of sweet oil)"
Spiritual Weapon,Player's Handbook,2, 1 bonus action,60 feet,"V, S"
Spike Growth,Player's Handbook,2, 1 action,150 feet,"V, S, M (seven sharp thorns or seven small twigs, each sharpened to a point)"
Spider Climb,Player's Handbook,2, 1 action,Touch,"V, S, M (a drop of bitumen and a spider)"
Silence,Player's Handbook,2, 1 action,120 feet,"V, S"
Skywrite,Xanathar's Guide to Everything,2, 1 action,Sight,"V, S"
Shatter,Player's Handbook,2, 1 action,60 feet,"V, S, M (a chip of mica)"
Shadow Blade,Xanathar's Guide to Everything,2, 1 bonus action,Self,"V, S"
Snilloc's Snowball Storm,Xanathar's Guide to Everything,2, 1 action,90 feet,"V, S, M (a piece of ice or a small white rock chip)"
Prayer of Healing,Player's Handbook,2, 10 minutes,30 feet,V
Phantasmal Force,Player's Handbook,2, 1 action,60 feet,"V, S, M (a bit of fleece)"
Misty Step,Player's Handbook,2, 1 bonus action,Self,V
Pass Without Trace,Player's Handbook,2, 1 action,Self,"V, S, M (ashes from a burned leaf of mistletoe and a sprig of spruce)"
Nystul's Magic Aura,Player's Handbook,2, 1 action,Touch,"V, S, M (a small square of silk)"
Nathair's Mischief,Fizban's Treasury of Dragons,2, 1 Action,60ft,"S, M (a piece of crust from an apple pie)"
Mirror Image,Player's Handbook,2, 1 action,Self,"V, S"
Moonbeam,Player's Handbook,2, 1 action,120 feet,"V, S, M (several seeds of any moonseed plant and a piece of opalescent feldspar)"
Mind Thrust (UA),Unearthed Arcana 71 - Psionic Options Revisited,2, 1 bonus action,60 feet,"V, S"
Mind Spike,Xanathar's Guide to Everything,2, 1 action,60 feet,S
Mental Barrier (UA),"Unearthed Arcana 66 - Fighter, Rogue, and Wizard",2," 1 reaction, which you take when you are forced to make an Intelligence, a Wisdom, or a Charisma saving throw",Self,V
Melf's Acid Arrow,Player's Handbook,2, 1 action,90 feet,"V, S, M (powdered rhubarb leaf and an adder’s stomach)"
Maximillian's Earthen Grasp,Xanathar's Guide to Everything,2, 1 action,30 feet,"V, S, M (a miniature hand sculpted from clay)"
Magic Mouth,Player's Handbook,2, 1 minute,30 feet,"V, S, M (a small bit of honeycomb and jade dust worth at least 10 gp, which the spell consumes)"
Locate Object,Player's Handbook,2, 1 action,Self,"V, S, M (a forked twig)"
Magic Weapon,Player's Handbook,2, 1 bonus action,Touch,"V, S"
Locate Animals or Plants,Player's Handbook,2, 1 action,Self,"V, S, M (a bit of fur from a bloodhound)"
Levitate,Player's Handbook,2, 1 action,60 feet,"V, S, M (either a small leather loop or a piece of golden wire bent into a cup shape with a long shank on one end)"
Knock,Player's Handbook,2, 1 action,60 feet,V
Kinetic Jaunt,Strixhaven: A Curriculum of Chaos,2, 1 bonus action,Self,S
Lesser Restoration,Player's Handbook,2, 1 action,Touch,"V, S"
Invisibility,Player's Handbook,2, 1 action,Touch,"V, S, M (an eyelash encased in gum arabic)"
Jim's Glowing Coin,Acquisitions Inc.,2, 1 action,60 feet,"S, M (a coin, 2 gold coins, which is consumed as tax for using the spell)"
Heat Metal,Player's Handbook,2, 1 action,60 feet,"V, S, M (a piece of iron and a flame)"
Immovable Object,Explorer's Guide to Wildemount,2, 1 action,Touch,"V, S, M (gold dust worth at least 25 gp, which the spell consumes)"
Hold Person,Player's Handbook,2, 1 action,60 feet,"V, S, M (a small, straight piece of iron)"
Healing Spirit,Xanathar's Guide to Everything,2, 1 bonus action,60 feet,"V, S"
Gust of Wind,Player's Handbook,2, 1 action,Self (60-foot line),"V, S, M (a legume seed)"
Gift of Gab,Acquisitions Inc.,2," 1 reaction, which you take when you speak to another creature",Self,"V, S, M (2 gold coins, which is consumed as tax for using the spell)"
Gentle Repose,Player's Handbook,2, 1 action,Touch,"V, S, M (a pinch of salt and one copper piece placed on each of the corpse’s eyes, which must remain there for the duration)"
Fortune's Favor,Explorer's Guide to Wildemount,2, 1 action,60 feet,"V, S, M (a white pearl worth at least 100 gp, which the spell consumes)"
Flock of Familiars,Lost Laboratory of Kwalish,2, 1 minute,Touch,"V, S"
Flaming Sphere,Player's Handbook,2, 1 action,60 feet,"V, S, M (a bit of tallow, a pinch of brimstone, and a dusting of powdered iron)"
Flame Blade,Player's Handbook,2, 1 bonus action,Self,"V, S, M (a leaf of sumac)"
Find Traps,Player's Handbook,2, 1 action,120 feet,"V, S"
Find Vehicle (UA),Unearthed Arcana 7 - Modern Magic,2, 10 minutes,30 feet,"V, S"
Find Steed,Player's Handbook,2, 10 minutes,30 feet,"V, S"
Enthrall,Player's Handbook,2, 1 action,60 feet,"V, S"
Enlarge/Reduce,Player's Handbook,2, 1 action,30 feet,"V, S, M (a pinch of powdered iron)"
Enhance Ability,Player's Handbook,2, 1 action,Touch,"V, S, M (fur or a feather from a beast)"
Earthbind,Xanathar's Guide to Everything,2, 1 action,300 feet,V
Dust Devil,Xanathar's Guide to Everything,2, 1 action,60 feet,"V, S, M (a pinch of dust)"
Dragon's Breath,Xanathar's Guide to Everything,2, 1 bonus action,Touch,"V, S, M (a hot pepper)"
Detect Thoughts,Player's Handbook,2, 1 action,Self,"V, S, M (a copper piece)"
Darkvision,Player's Handbook,2, 1 action,Touch,"V, S, M (either a pinch of dried carrot or an agate)"
Digital Phantom (UA),Unearthed Arcana 7 - Modern Magic,2, 1 action,Self,"V, S, M (a small piece of copper wire)"
Continual Flame,Player's Handbook,2, 1 action,Touch,"V, S, M (ruby dust worth 50 gp, which the spell consumes)"
Borrowed Knowledge,Strixhaven: A Curriculum of Chaos,2, 1 action,Self,"V, S, M (a book worth at least 25 gp)"
Darkness,Player's Handbook,2, 1 action,60 feet,"V, M (bat fur and a drop of pitch or piece of coal)"
Cloud of Daggers,Player's Handbook,2, 1 action,60 feet,"V, S, M (a sliver of glass)"
Calm Emotions,Player's Handbook,2, 1 action,60 feet,"V, S"
Crown of Madness,Player's Handbook,2, 1 action,120 feet,"V, S"
Branding Smite,Player's Handbook,2, 1 bonus action,Self,V
Cordon of Arrows,Player's Handbook,2, 1 action,5 feet,"V, S, M (four or more arrows or bolts)"
Animal Messenger,Player's Handbook,2, 1 action,30 feet,"V, S, M (a morsel of food)"
Blur,Player's Handbook,2, 1 action,Self,V
Beast Sense,Player's Handbook,2, 1 action,Touch,S
Blindness/Deafness,Player's Handbook,2, 1 action,30 feet,V
Barkskin,Player's Handbook,2, 1 action,Touch,"V, S, M (a handful of oak bark)"
Augury,Player's Handbook,2, 1 minute,Self,"V, S, M (specially marked sticks, bones, or similar tokens worth at least 25 gp)"
Arcane Lock,Player's Handbook,2, 1 action,Touch,"V, S, M (gold dust worth at least 25 gp, which the spell consumes)"
Arcane Hacking (UA),Unearthed Arcana 7 - Modern Magic,2, 1 action,Self,"V, S, M (hacking tools)"
Wrathful Smite,Player's Handbook,1, 1 bonus action,Self,V
Alter Self,Player's Handbook,2, 1 action,Self,"V, S"
Thunderous Smite,Player's Handbook,1, 1 bonus action,Self,V
Thunderwave,Player's Handbook,1, 1 action,Self (15-foot cube),"V, S"
Aganazzar's Scorcher,Xanathar's Guide to Everything,2, 1 action,30 feet,"V, S, M (a red dragon’s scale)"
Tenser's Floating Disk,Player's Handbook,1, 1 action,30 feet,"V, S, M (a drop of mercury)"
Tasha's Hideous Laughter,Player's Handbook,1, 1 action,30 feet,"V, S, M (tiny tarts and a feather that is waved in the air)"
Aid,Player's Handbook,2, 1 action,30 feet,"V, S, M (a tiny strip of white cloth)"
Tasha's Caustic Brew,Tasha's Cauldron of Everything,1, 1 action,Self (30-foot line),"V, S, M (a bit of rotten food)"
Sudden Awakening (UA),Unearthed Arcana 36 - Starter Spells,1, 1 bonus action,10 feet,V
Unseen Servant,Player's Handbook,1, 1 action,60 feet,"V, S, M (a piece of string and a bit of wood)"
Unearthly Chorus (UA),Unearthed Arcana 36 - Starter Spells,1, 1 action,Self (30-foot radius),V
Witch Bolt,Player's Handbook,1, 1 action,30 feet,"V, S, M (a twig from a tree that has been struck by lightning)"
Speak with Animals,Player's Handbook,1, 1 action,Self,"V, S"
Snare,Xanathar's Guide to Everything,1, 1 minute,Touch,"V, S, M (30 feet of cord or rope, which is consumed by the spell)"
Sleep,Player's Handbook,1, 1 action,90 feet,"V, S, M (a pinch of fine sand, rose petals, or a cricket)"
Zephyr Strike,Xanathar's Guide to Everything,1, 1 bonus action,Self,V
Silvery Barbs,Strixhaven: A Curriculum of Chaos,1," 1 reaction, which you take when a creature you can see within 60 feet of yourself succeeds on an attack roll, an ability check, or a saving throw",60 feet,V
Searing Smite,Player's Handbook,1, 1 bonus action,Self,V
Sanctuary,Player's Handbook,1, 1 bonus action,30 feet,"V, S, M (a small silver mirror)"
Shield,Player's Handbook,1," 1 reaction, which you take when you are hit by an attack or targeted by the ",,
Sense Emotion (UA),Unearthed Arcana 36 - Starter Spells,1, 1 action,Self,"V, S"
Silent Image,Player's Handbook,1, 1 action,60 feet,"V, S, M (a bit of fleece)"
Shield of Faith,Player's Handbook,1, 1 bonus action,60 feet,"V, S, M (a small parchment with a bit of holy text written on it)"
Remote Access (UA),Unearthed Arcana 7 - Modern Magic,1, 1 action,120 feet,"V, S"
Ray of Sickness,Player's Handbook,1, 1 action,60 feet,"V, S"
Magnify Gravity,Explorer's Guide to Wildemount,1, 1 action,60 feet,"V, S"
Purify Food and Drink,Player's Handbook,1, 1 action,10 feet,"V, S"
Puppet (UA),Unearthed Arcana 36 - Starter Spells,1, 1 action,120 feet,V
Protection from Evil and Good,Player's Handbook,1, 1 action,Touch,"V, S, M (holy water or powdered silver and iron, which the spell consumes)"
Magic Missile,Player's Handbook,1, 1 action,120 feet,"V, S"
Mage Armor,Player's Handbook,1, 1 action,Touch,"V, S, M (a piece of cured leather)"
Longstrider,Player's Handbook,1, 1 action,Touch,"V, S, M (a pinch of dirt)"
Jump,Player's Handbook,1, 1 action,Touch,"V, S, M (a grasshopper’s hind leg)"
Jim's Magic Missile,Acquisitions Inc.,1, 1 action,120 feet,"V, S, M (1 gold coin, which is consumed as tax for using the spell)"
Infallible Relay (UA),Unearthed Arcana 7 - Modern Magic,1, 1 minute,Self,"V, S, M (a mobile phone)"
Illusory Script,Player's Handbook,1, 1 minute,Touch,"S, M (a lead-based ink worth at least 10 gp, which the spell consumes)"
Identify,Player's Handbook,1, 1 minute,Touch,"V, S, M (a pearl worth at least 100 gp and an owl feather)"
Id Insinuation (UA),"Unearthed Arcana 66 - Fighter, Rogue, and Wizard",1, 1 action,60 feet,"V, S"
Inflict Wounds,Player's Handbook,1, 1 action,Touch,"V, S"
Ice Knife,Xanathar's Guide to Everything,1, 1 action,60 feet,"S, M (a drop of water or piece of ice)"
Hunter's Mark,Player's Handbook,1, 1 bonus action,90 feet,V
Hex,Player's Handbook,1, 1 bonus action,90 feet,"V, S, M (the petrified eye of a newt)"
Heroism,Player's Handbook,1, 1 action,Touch,"V, S"
Hellish Rebuke,Player's Handbook,1," 1 reaction, which you take when you are damaged by a creature within 60 feet of you that you can see",60 feet,"V, S"
Healing Word,Player's Handbook,1, 1 bonus action,60 feet,V
Hail of Thorns,Player's Handbook,1, 1 bonus action,Self,V
Guiding Bolt,Player's Handbook,1, 1 action,120 feet,"V, S"
Grease,Player's Handbook,1, 1 action,60 feet,"V, S, M (a bit of pork rind or butter)"
Goodberry,Player's Handbook,1, 1 action,Touch,"V, S, M (a sprig of mistletoe)"
Gift of Alacrity,Explorer's Guide to Wildemount,1, 1 minute,Touch,"V, S"
Frost Fingers,Icewind Dale - Rime of the Frostmaiden,1, 1 action,Self (15-foot cone),"V, S"
Fog Cloud,Player's Handbook,1, 1 action,120 feet,"V, S"
Find Familiar,Player's Handbook,1, 1 hour,10 feet,"V, S, M (10 gp worth of charcoal, incense, and herbs that must be consumed by fire in a brass brazier)"
Feather Fall,Player's Handbook,1," 1 reaction, which you take when you or a creature within 60 feet of you falls",60 feet,"V, M (a small feather or piece of down)"
Entangle,Player's Handbook,1, 1 action,90 feet,"V, S"
False Life,Player's Handbook,1, 1 action,Self,"V, S, M (a small amount of alcohol or distilled spirits)"
Faerie Fire,Player's Handbook,1, 1 action,60 feet,V
Expeditious Retreat,Player's Handbook,1, 1 bonus action,Self,"V, S"
Ensnaring Strike,Player's Handbook,1, 1 bonus action,Self,V
Earth Tremor,Xanathar's Guide to Everything/Elemental Evil Player's Companion,1, 1 action,Self (10-foot radius),"V, S"
Divine Favor,Player's Handbook,1, 1 bonus action,Self,"V, S"
Distort Value,Acquisitions Inc.,1, 1 minute,Touch,V
Disguise Self,Player's Handbook,1, 1 action,Self,"V, S"
Detect Poison and Disease,Player's Handbook,1, 1 action,Self,"V, S, M (a yew leaf)"
Detect Magic,Player's Handbook,1, 1 action,Self,"V, S"
Dissonant Whispers,Player's Handbook,1, 1 action,60 feet,V
Detect Evil and Good,Player's Handbook,1, 1 action,Self,"V, S"
Cure Wounds,Player's Handbook,1, 1 action,Touch,"V, S"
Create or Destroy Water,Player's Handbook,1, 1 action,30 feet,"V, S, M (a drop of water if creating water or a few grains of sand if destroying it)"
Comprehend Languages,Player's Handbook,1, 1 action,Self,"V, S, M (a pinch of soot and salt)"
Compelled Duel,Player's Handbook,1, 1 bonus action,30 feet,V
Color Spray,Player's Handbook,1, 1 action,Self (15-foot cone),"V, S, M"
Charm Person,Player's Handbook,1, 1 action,30 feet,"V, S"
Chromatic Orb,Player's Handbook,1, 1 action,90 feet,"V, S, M (a diamond worth at least 50 gp)"
Command,Player's Handbook,1, 1 action,60 feet,V
Chaos Bolt,Xanathar's Guide to Everything,1, 1 action,120 feet,"V, S"
Ceremony,Xanathar's Guide to Everything,1, 1 hour,Touch,"V, S, M (25 gp worth of powdered silver, which the spell consumes)"
Cause Fear,Xanathar's Guide to Everything,1, 1 action,60 feet,"V, S"
Catapult,Xanathar's Guide to Everything,1, 1 action,60 feet,S
Burning Hands,Player's Handbook,1, 1 action,Self (15-foot cone),"V, S"
Beast Bond,Xanathar's Guide to Everything,1, 1 action,Touch,"V, S, M (a bit of fur wrapped in cloth)"
Bless,Player's Handbook,1, 1 action,30 feet,"V, S, M (a sprinkling of holy water)"
Arms of Hadar,Player's Handbook,1, 1 action,Self (10-foot radius),"V, S"
Armor of Agathys,Player's Handbook,1, 1 action,Self,"V, S, M (a cup of water)"
Arcane Weapon (UA),Unearthed Arcana 60 - The Artificer Returns,1, 1 bonus action,Self,"V, S"
Animal Friendship,Player's Handbook,1, 1 action,30 feet,"V, S, M (a morsel of food)"
Alarm,Player's Handbook,1, 1 action,30 feet,"V, S, M (a tiny bell and a piece of fine silver wire)"
Absorb Elements,Xanathar's Guide to Everything,1," 1 reaction, which you take when you take acid, cold, fire, lightning, or thunder damage",Self,S
Word of Radiance,Xanathar's Guide to Everything,Cantrip, 1 action,5 feet,"V, M (a holy symbol)"
Acid Stream (UA),Unearthed Arcana 70 - Spells and Magic Tattoos,1, 1 action,Self (30-foot line),"V, S, M (a bit of rotten food)"
Vicious Mockery,Player's Handbook,Cantrip, 1 action,60 feet,V
True Strike,Player's Handbook,Cantrip, 1 action,30 feet,S
Virtue (UA),Unearthed Arcana 36 - Starter Spells,Cantrip, 1 action,Touch,"V, S"
Toll the Dead,Xanathar's Guide to Everything,Cantrip, 1 action,60 feet,"V, S"
Thunderclap,Xanathar's Guide to Everything,Cantrip, 1 action,Self (5-foot radius),S
Sword Burst,Tasha's Cauldron of Everything,Cantrip, 1 action,Self (5-foot radius),V
Thorn Whip,Player's Handbook,Cantrip, 1 action,30 feet,"V, S, M (the stem of a plant with thorns)"
Spare the Dying,Player's Handbook,Cantrip, 1 action,Touch,"V, S"
Thaumaturgy,Player's Handbook,Cantrip, 1 action,30 feet,V
Shocking Grasp,Player's Handbook,Cantrip, 1 action,Touch,"V, S"
Shillelagh,Player's Handbook,Cantrip, 1 bonus action,Touch,"V, S, M (mistletoe, a shamrock leaf, and a club or quarterstaff)"
Shape Water,Xanathar's Guide to Everything,Cantrip, 1 action,30 feet,S
Sapping Sting,Explorer's Guide to Wildemount,Cantrip, 1 action,30 feet,"V, S"
Ray of Frost,Player's Handbook,Cantrip, 1 action,60 feet,"V, S"
Sacred Flame,Player's Handbook,Cantrip, 1 action,60 feet,"V, S"
Resistance,Player's Handbook,Cantrip, 1 action,Touch,"V, S, M (a miniature cloak)"
Produce Flame,Player's Handbook,Cantrip, 1 action,Self,"V, S"
Primal Savagery,Xanathar's Guide to Everything,Cantrip, 1 action,Self,S
Prestidigitation,Player's Handbook,Cantrip, 1 action,10 feet,"V, S"
Poison Spray,Player's Handbook,Cantrip, 1 action,10 feet,"V, S"
On/Off (UA),Unearthed Arcana 7 - Modern Magic,Cantrip, 1 action,60 feet,"V, S"
Mold Earth,Xanathar's Guide to Everything,Cantrip, 1 action,30 feet,S
Minor Illusion,Player's Handbook,Cantrip, 1 action,30 feet,"S, M (a bit of fleece)"
Mind Sliver,Tasha's Cauldron of Everything,Cantrip, 1 action,60 feet,V
Message,Player's Handbook,Cantrip, 1 action,120 feet,"V, S, M (a short piece of copper wire)"
Mending,Player's Handbook,Cantrip, 1 minute,Touch,"V, S, M (two lodestones)"
Magic Stone,Xanathar's Guide to Everything/Elemental Evil Player's Companion,Cantrip, 1 bonus action,Touch,"V, S"
Mage Hand,Player's Handbook,Cantrip, 1 action,30 feet,"V, S"
Lightning Lure,Tasha's Cauldron of Everything,Cantrip, 1 action,Self (15-foot radius),V
Infestation,Xanathar's Guide to Everything,Cantrip, 1 action,30 feet,"V, S, M (a living flea)"
Fire Bolt,Player's Handbook,Cantrip, 1 action,120 feet,"V, S"
Light,Player's Handbook,Cantrip, 1 action,Touch,"V, M (a firefly or phosphorescent moss)"
Encode Thoughts,Guildmaster's Guide to Ravnica,Cantrip, 1 action,Self,S
